-- phpMyAdmin SQL Dump
-- version 4.5.4.1deb2ubuntu2
-- http://www.phpmyadmin.net
--
-- Host: localhost
-- Generation Time: Sep 04, 2017 at 07:35 PM
-- Server version: 5.7.19-0ubuntu0.16.04.1
-- PHP Version: 7.0.22-0ubuntu0.16.04.1

SET SQL_MODE = "NO_AUTO_VALUE_ON_ZERO";
SET time_zone = "+00:00";


/*!40101 SET @OLD_CHARACTER_SET_CLIENT=@@CHARACTER_SET_CLIENT */;
/*!40101 SET @OLD_CHARACTER_SET_RESULTS=@@CHARACTER_SET_RESULTS */;
/*!40101 SET @OLD_COLLATION_CONNECTION=@@COLLATION_CONNECTION */;
/*!40101 SET NAMES utf8mb4 */;

--
-- Database: `mobi96_self_assessment`
--

-- --------------------------------------------------------

--
-- Table structure for table `admin_notifications`
--

CREATE TABLE `admin_notifications` (
  `id` bigint(20) NOT NULL,
  `title` varchar(250) NOT NULL,
  `message` text NOT NULL,
  `last_user_id` int(11) NOT NULL DEFAULT '0',
  `status` enum('PENDING','COMPLETED') NOT NULL DEFAULT 'PENDING',
  `sent_time` datetime NOT NULL
) ENGINE=InnoDB DEFAULT CHARSET=latin1;

-- --------------------------------------------------------

--
-- Table structure for table `assessment`
--

CREATE TABLE `assessment` (
  `id` int(11) NOT NULL,
  `assessment_name` varchar(100) NOT NULL,
  `active` tinyint(1) NOT NULL COMMENT '1=active, 0=inactive',
  `create_date` datetime NOT NULL
) ENGINE=InnoDB DEFAULT CHARSET=latin1;

--
-- Dumping data for table `assessment`
--

INSERT INTO `assessment` (`id`, `assessment_name`, `active`, `create_date`) VALUES
(5, 'Assessment 1', 1, '2017-06-20 03:51:17'),
(6, 'Assessment 2', 1, '2017-06-20 04:11:25'),
(7, 'Cocmmunication & Listening Skills', 1, '2017-07-06 02:59:12'),
(8, 'In house Assessment', 1, '2017-07-07 06:34:24'),
(9, 'Opple Assessment 1', 1, '2017-07-14 03:28:45'),
(10, 'Opple Assessment 2', 1, '2017-07-14 03:30:08'),
(13, 'Opple Assessment 3', 1, '2017-07-18 01:57:34'),
(14, 'Opple Assessment 4', 1, '2017-07-18 02:12:31'),
(15, 'Negotiation Assessment', 1, '2017-07-24 05:35:31'),
(16, 'Bhim Assessment 1', 1, '2017-07-26 07:59:35'),
(17, 'Bhim Assessment 2', 1, '2017-07-26 08:00:09'),
(18, 'Aman Ass 1', 1, '2017-07-27 03:43:42'),
(19, 'Aman Assessment 2', 1, '2017-07-27 03:44:12'),
(21, 'Leadership Assessment Test 2', 1, '2017-08-29 01:16:36');

-- --------------------------------------------------------

--
-- Table structure for table `assessment_category`
--

CREATE TABLE `assessment_category` (
  `id` int(11) NOT NULL,
  `assessment_id` int(10) NOT NULL,
  `category_id` int(10) NOT NULL
) ENGINE=InnoDB DEFAULT CHARSET=latin1;

--
-- Dumping data for table `assessment_category`
--

INSERT INTO `assessment_category` (`id`, `assessment_id`, `category_id`) VALUES
(16, 5, 1),
(17, 5, 2),
(18, 5, 3),
(19, 5, 5),
(20, 6, 2),
(21, 6, 3),
(24, 7, 9),
(25, 7, 10),
(26, 8, 11),
(32, 9, 13),
(33, 9, 14),
(37, 10, 15),
(38, 10, 16),
(39, 10, 17),
(43, 13, 17),
(44, 14, 17),
(45, 15, 22),
(46, 15, 23),
(47, 15, 24),
(49, 17, 27),
(50, 17, 28),
(51, 16, 25),
(52, 16, 26),
(53, 18, 29),
(54, 18, 30),
(55, 19, 31),
(56, 19, 32),
(59, 21, 35),
(60, 21, 37);

-- --------------------------------------------------------

--
-- Table structure for table `assessment_submission`
--

CREATE TABLE `assessment_submission` (
  `id` bigint(20) NOT NULL,
  `user_assessment_id` int(10) NOT NULL,
  `user_assessment_question_id` int(10) NOT NULL,
  `question_id` int(10) NOT NULL,
  `select_option_id` int(10) NOT NULL,
  `text_option` varchar(255) DEFAULT NULL,
  `submission_datetime` datetime NOT NULL
) ENGINE=InnoDB DEFAULT CHARSET=latin1;

--
-- Dumping data for table `assessment_submission`
--

INSERT INTO `assessment_submission` (`id`, `user_assessment_id`, `user_assessment_question_id`, `question_id`, `select_option_id`, `text_option`, `submission_datetime`) VALUES
(1, 2, 6, 46, 171, NULL, '2017-08-10 03:32:20'),
(2, 2, 7, 47, 174, NULL, '2017-08-10 03:32:20'),
(3, 2, 8, 48, 181, NULL, '2017-08-10 03:32:20'),
(4, 2, 9, 49, 185, NULL, '2017-08-10 03:32:20'),
(5, 2, 10, 50, 187, NULL, '2017-08-10 03:32:20'),
(6, 1, 1, 46, 173, NULL, '2017-08-10 03:34:51'),
(7, 1, 2, 47, 174, NULL, '2017-08-10 03:34:51'),
(8, 1, 3, 48, 178, NULL, '2017-08-10 03:34:51'),
(9, 1, 4, 49, 182, NULL, '2017-08-10 03:34:51'),
(10, 1, 5, 50, 187, NULL, '2017-08-10 03:34:51'),
(11, 4, 16, 46, 173, NULL, '2017-08-10 03:36:53'),
(12, 4, 17, 47, 177, NULL, '2017-08-10 03:36:53'),
(13, 4, 18, 48, 181, NULL, '2017-08-10 03:36:53'),
(14, 4, 19, 49, 185, NULL, '2017-08-10 03:36:53'),
(15, 4, 20, 50, 189, NULL, '2017-08-10 03:36:53'),
(16, 3, 11, 46, 170, NULL, '2017-08-10 03:38:30'),
(17, 3, 12, 47, 176, NULL, '2017-08-10 03:38:30'),
(18, 3, 13, 48, 180, NULL, '2017-08-10 03:38:30'),
(19, 3, 14, 49, 184, NULL, '2017-08-10 03:38:30'),
(20, 3, 15, 50, 187, NULL, '2017-08-10 03:38:30'),
(21, 5, 21, 46, 170, NULL, '2017-08-10 03:41:07'),
(22, 5, 22, 47, 175, NULL, '2017-08-10 03:41:07'),
(23, 5, 23, 48, 180, NULL, '2017-08-10 03:41:07'),
(24, 5, 24, 49, 185, NULL, '2017-08-10 03:41:07'),
(25, 5, 25, 50, 186, NULL, '2017-08-10 03:41:07'),
(26, 13, 73, 24, 71, NULL, '2017-08-10 04:12:55'),
(27, 13, 74, 25, 76, NULL, '2017-08-10 04:12:55'),
(28, 13, 75, 26, 79, NULL, '2017-08-10 04:12:55'),
(29, 13, 76, 27, 83, NULL, '2017-08-10 04:12:55'),
(30, 18, 98, 12, 12, NULL, '2017-08-10 08:25:41'),
(31, 18, 99, 9, 4, NULL, '2017-08-10 08:25:41'),
(32, 18, 100, 10, 8, NULL, '2017-08-10 08:25:41'),
(33, 19, 101, 12, 12, NULL, '2017-08-14 01:33:14'),
(34, 19, 102, 9, 3, NULL, '2017-08-14 01:33:14'),
(35, 19, 103, 10, 6, NULL, '2017-08-14 01:33:14'),
(36, 17, 95, 12, 13, NULL, '2017-08-14 01:35:41'),
(37, 17, 96, 9, 4, NULL, '2017-08-14 01:35:41'),
(38, 17, 97, 10, 7, NULL, '2017-08-14 01:35:42'),
(39, 21, 107, 12, 12, NULL, '2017-08-16 02:26:32'),
(40, 21, 108, 9, 3, NULL, '2017-08-16 02:26:32'),
(41, 21, 109, 10, 6, NULL, '2017-08-16 02:26:32'),
(62, 41, 203, 63, 237, NULL, '2017-08-17 01:00:05'),
(63, 41, 204, 64, 243, NULL, '2017-08-17 01:00:05'),
(64, 41, 205, 65, 248, NULL, '2017-08-17 01:00:05'),
(65, 41, 206, 66, 254, NULL, '2017-08-17 01:00:05'),
(66, 41, 207, 67, 258, NULL, '2017-08-17 01:00:05'),
(67, 41, 208, 68, 264, NULL, '2017-08-17 01:00:05'),
(68, 41, 209, 69, 266, NULL, '2017-08-17 01:00:05'),
(69, 41, 210, 70, 274, NULL, '2017-08-17 01:00:05'),
(70, 41, 211, 71, 278, NULL, '2017-08-17 01:00:05'),
(71, 41, 212, 72, 283, NULL, '2017-08-17 01:00:05'),
(72, 44, 233, 63, 239, NULL, '2017-08-17 01:00:45'),
(73, 44, 234, 64, 243, NULL, '2017-08-17 01:00:45'),
(74, 44, 235, 65, 247, NULL, '2017-08-17 01:00:45'),
(75, 44, 236, 66, 251, NULL, '2017-08-17 01:00:45'),
(76, 44, 237, 67, 257, NULL, '2017-08-17 01:00:45'),
(77, 44, 238, 68, 263, NULL, '2017-08-17 01:00:45'),
(78, 44, 239, 69, 269, NULL, '2017-08-17 01:00:45'),
(79, 44, 240, 70, 274, NULL, '2017-08-17 01:00:45'),
(80, 44, 241, 71, 278, NULL, '2017-08-17 01:00:45'),
(81, 44, 242, 72, 282, NULL, '2017-08-17 01:00:45'),
(102, 42, 213, 63, 237, NULL, '2017-08-17 01:02:19'),
(103, 42, 214, 64, 243, NULL, '2017-08-17 01:02:19'),
(104, 42, 215, 65, 246, NULL, '2017-08-17 01:02:19'),
(105, 42, 216, 66, 250, NULL, '2017-08-17 01:02:19'),
(106, 42, 217, 67, 256, NULL, '2017-08-17 01:02:19'),
(107, 42, 218, 68, 261, NULL, '2017-08-17 01:02:19'),
(108, 42, 219, 69, 267, NULL, '2017-08-17 01:02:19'),
(109, 42, 220, 70, 270, NULL, '2017-08-17 01:02:19'),
(110, 42, 221, 71, 276, NULL, '2017-08-17 01:02:19'),
(111, 42, 222, 72, 282, NULL, '2017-08-17 01:02:19'),
(112, 45, 243, 63, 236, NULL, '2017-08-17 01:02:46'),
(113, 45, 244, 64, 242, NULL, '2017-08-17 01:02:46'),
(114, 45, 245, 65, 247, NULL, '2017-08-17 01:02:46'),
(115, 45, 246, 66, 250, NULL, '2017-08-17 01:02:46'),
(116, 45, 247, 67, 256, NULL, '2017-08-17 01:02:46'),
(117, 45, 248, 68, 262, NULL, '2017-08-17 01:02:46'),
(118, 45, 249, 69, 266, NULL, '2017-08-17 01:02:46'),
(119, 45, 250, 70, 273, NULL, '2017-08-17 01:02:46'),
(120, 45, 251, 71, 277, NULL, '2017-08-17 01:02:46'),
(121, 45, 252, 72, 283, NULL, '2017-08-17 01:02:46'),
(142, 43, 223, 63, 237, NULL, '2017-08-17 01:07:10'),
(143, 43, 224, 64, 241, NULL, '2017-08-17 01:07:10'),
(144, 43, 225, 65, 245, NULL, '2017-08-17 01:07:10'),
(145, 43, 226, 66, 250, NULL, '2017-08-17 01:07:10'),
(146, 43, 227, 67, 256, NULL, '2017-08-17 01:07:10'),
(147, 43, 228, 68, 263, NULL, '2017-08-17 01:07:10'),
(148, 43, 229, 69, 268, NULL, '2017-08-17 01:07:10'),
(149, 43, 230, 70, 271, NULL, '2017-08-17 01:07:10'),
(150, 43, 231, 71, 277, NULL, '2017-08-17 01:07:10'),
(151, 43, 232, 72, 283, NULL, '2017-08-17 01:07:10'),
(152, 46, 253, 63, 237, NULL, '2017-08-17 01:07:27'),
(153, 46, 254, 64, 243, NULL, '2017-08-17 01:07:27'),
(154, 46, 255, 65, 246, NULL, '2017-08-17 01:07:27'),
(155, 46, 256, 66, 252, NULL, '2017-08-17 01:07:27'),
(156, 46, 257, 67, 255, NULL, '2017-08-17 01:07:27'),
(157, 46, 258, 68, 263, NULL, '2017-08-17 01:07:27'),
(158, 46, 259, 69, 266, NULL, '2017-08-17 01:07:27'),
(159, 46, 260, 70, 270, NULL, '2017-08-17 01:07:27'),
(160, 46, 261, 71, 276, NULL, '2017-08-17 01:07:27'),
(161, 46, 262, 72, 282, NULL, '2017-08-17 01:07:27'),
(162, 59, 383, 63, 236, NULL, '2017-08-17 01:57:55'),
(163, 59, 384, 64, 242, NULL, '2017-08-17 01:57:55'),
(164, 59, 385, 65, 246, NULL, '2017-08-17 01:57:55'),
(165, 59, 386, 66, 253, NULL, '2017-08-17 01:57:55'),
(166, 59, 387, 67, 258, NULL, '2017-08-17 01:57:55'),
(167, 59, 388, 68, 263, NULL, '2017-08-17 01:57:55'),
(168, 59, 389, 69, 269, NULL, '2017-08-17 01:57:55'),
(169, 59, 390, 70, 274, NULL, '2017-08-17 01:57:55'),
(170, 59, 391, 71, 278, NULL, '2017-08-17 01:57:55'),
(171, 59, 392, 72, 284, NULL, '2017-08-17 01:57:55'),
(172, 60, 393, 63, 235, NULL, '2017-08-17 01:59:13'),
(173, 60, 394, 64, 240, NULL, '2017-08-17 01:59:13'),
(174, 60, 395, 65, 245, NULL, '2017-08-17 01:59:13'),
(175, 60, 396, 66, 250, NULL, '2017-08-17 01:59:13'),
(176, 60, 397, 67, 256, NULL, '2017-08-17 01:59:13'),
(177, 60, 398, 68, 261, NULL, '2017-08-17 01:59:13'),
(178, 60, 399, 69, 266, NULL, '2017-08-17 01:59:13'),
(179, 60, 400, 70, 272, NULL, '2017-08-17 01:59:13'),
(180, 60, 401, 71, 277, NULL, '2017-08-17 01:59:13'),
(181, 60, 402, 72, 282, NULL, '2017-08-17 01:59:13'),
(182, 68, 473, 63, 235, NULL, '2017-08-17 07:59:13'),
(183, 68, 474, 64, 240, NULL, '2017-08-17 07:59:13'),
(184, 68, 475, 65, 245, NULL, '2017-08-17 07:59:13'),
(185, 68, 476, 66, 250, NULL, '2017-08-17 07:59:13'),
(186, 68, 477, 67, 255, NULL, '2017-08-17 07:59:14'),
(187, 68, 478, 68, 260, NULL, '2017-08-17 07:59:14'),
(188, 68, 479, 69, 265, NULL, '2017-08-17 07:59:14'),
(189, 68, 480, 70, 270, NULL, '2017-08-17 07:59:14'),
(190, 68, 481, 71, 275, NULL, '2017-08-17 07:59:14'),
(191, 68, 482, 72, 280, NULL, '2017-08-17 07:59:14'),
(192, 90, 595, 12, 12, NULL, '2017-08-18 03:26:20'),
(193, 90, 596, 9, 3, NULL, '2017-08-18 03:26:20'),
(194, 90, 597, 10, 6, NULL, '2017-08-18 03:26:20'),
(195, 62, 413, 63, 236, NULL, '2017-08-22 02:44:41'),
(196, 62, 414, 64, 243, NULL, '2017-08-22 02:44:41'),
(197, 62, 415, 65, 246, NULL, '2017-08-22 02:44:41'),
(198, 62, 416, 66, 252, NULL, '2017-08-22 02:44:41'),
(199, 62, 417, 67, 255, NULL, '2017-08-22 02:44:41'),
(200, 62, 418, 68, 262, NULL, '2017-08-22 02:44:41'),
(201, 62, 419, 69, 266, NULL, '2017-08-22 02:44:41'),
(202, 62, 420, 70, 272, NULL, '2017-08-22 02:44:41'),
(203, 62, 421, 71, 275, NULL, '2017-08-22 02:44:41'),
(204, 62, 422, 72, 281, NULL, '2017-08-22 02:44:41'),
(205, 106, 643, 12, 12, NULL, '2017-08-24 05:36:43'),
(206, 106, 644, 9, 4, NULL, '2017-08-24 05:36:43'),
(207, 106, 645, 10, 7, NULL, '2017-08-24 05:36:43'),
(208, 117, 691, 12, 14, NULL, '2017-08-24 05:37:58'),
(209, 117, 692, 9, 5, NULL, '2017-08-24 05:37:58'),
(210, 117, 693, 10, 8, NULL, '2017-08-24 05:37:58'),
(211, 121, 700, 12, 12, NULL, '2017-08-24 07:56:23'),
(212, 121, 701, 9, 3, NULL, '2017-08-24 07:56:23'),
(213, 121, 702, 10, 6, NULL, '2017-08-24 07:56:23'),
(214, 123, 706, 12, 14, NULL, '2017-08-24 07:58:50'),
(215, 123, 707, 9, 5, NULL, '2017-08-24 07:58:50'),
(216, 123, 708, 10, 8, NULL, '2017-08-24 07:58:50'),
(217, 129, 726, 12, 12, NULL, '2017-08-28 05:14:14'),
(218, 129, 727, 9, 3, NULL, '2017-08-28 05:14:15'),
(219, 129, 728, 10, 6, NULL, '2017-08-28 05:14:15'),
(220, 131, 732, 12, 13, NULL, '2017-08-28 05:20:45'),
(221, 131, 733, 9, 4, NULL, '2017-08-28 05:20:45'),
(222, 131, 734, 10, 7, NULL, '2017-08-28 05:20:45'),
(223, 130, 729, 12, 14, NULL, '2017-08-28 05:22:33'),
(224, 130, 730, 9, 5, NULL, '2017-08-28 05:22:33'),
(225, 130, 731, 10, 8, NULL, '2017-08-28 05:22:33'),
(226, 138, 755, 73, 286, NULL, '2017-08-29 01:36:48'),
(227, 138, 756, 74, 291, NULL, '2017-08-29 01:36:49'),
(228, 138, 757, 75, 297, NULL, '2017-08-29 01:36:49'),
(229, 138, 758, 76, 301, NULL, '2017-08-29 01:36:49'),
(230, 138, 759, 77, 307, NULL, '2017-08-29 01:36:49'),
(231, 138, 760, 78, 310, NULL, '2017-08-29 01:36:49'),
(232, 138, 761, 79, 317, NULL, '2017-08-29 01:36:49'),
(233, 138, 762, 80, 321, NULL, '2017-08-29 01:36:49'),
(234, 138, 763, 81, 325, NULL, '2017-08-29 01:36:49'),
(235, 138, 764, 82, 331, NULL, '2017-08-29 01:36:49'),
(236, 141, 785, 73, 287, NULL, '2017-08-29 01:37:36'),
(237, 141, 786, 74, 291, NULL, '2017-08-29 01:37:36'),
(238, 141, 787, 75, 297, NULL, '2017-08-29 01:37:36'),
(239, 141, 788, 76, 301, NULL, '2017-08-29 01:37:36'),
(240, 141, 789, 77, 305, NULL, '2017-08-29 01:37:36'),
(241, 141, 790, 78, 311, NULL, '2017-08-29 01:37:36'),
(242, 141, 791, 79, 317, NULL, '2017-08-29 01:37:36'),
(243, 141, 792, 80, 320, NULL, '2017-08-29 01:37:36'),
(244, 141, 793, 81, 327, NULL, '2017-08-29 01:37:36'),
(245, 141, 794, 82, 332, NULL, '2017-08-29 01:37:36'),
(246, 159, 965, 73, 287, NULL, '2017-08-29 01:38:14'),
(247, 159, 966, 74, 293, NULL, '2017-08-29 01:38:14'),
(248, 159, 967, 75, 299, NULL, '2017-08-29 01:38:14'),
(249, 159, 968, 76, 303, NULL, '2017-08-29 01:38:14'),
(250, 159, 969, 77, 309, NULL, '2017-08-29 01:38:14'),
(251, 159, 970, 78, 313, NULL, '2017-08-29 01:38:14'),
(252, 159, 971, 79, 319, NULL, '2017-08-29 01:38:14'),
(253, 159, 972, 80, 323, NULL, '2017-08-29 01:38:14'),
(254, 159, 973, 81, 328, NULL, '2017-08-29 01:38:14'),
(255, 159, 974, 82, 333, NULL, '2017-08-29 01:38:14'),
(256, 150, 875, 73, 285, NULL, '2017-08-29 01:38:42'),
(257, 150, 876, 74, 291, NULL, '2017-08-29 01:38:42'),
(258, 150, 877, 75, 299, NULL, '2017-08-29 01:38:42'),
(259, 150, 878, 76, 304, NULL, '2017-08-29 01:38:42'),
(260, 150, 879, 77, 308, NULL, '2017-08-29 01:38:42'),
(261, 150, 880, 78, 314, NULL, '2017-08-29 01:38:42'),
(262, 150, 881, 79, 318, NULL, '2017-08-29 01:38:42'),
(263, 150, 882, 80, 324, NULL, '2017-08-29 01:38:42'),
(264, 150, 883, 81, 328, NULL, '2017-08-29 01:38:42'),
(265, 150, 884, 82, 334, NULL, '2017-08-29 01:38:42'),
(266, 139, 765, 73, 286, NULL, '2017-08-29 01:39:50'),
(267, 139, 766, 74, 290, NULL, '2017-08-29 01:39:50'),
(268, 139, 767, 75, 296, NULL, '2017-08-29 01:39:50'),
(269, 139, 768, 76, 300, NULL, '2017-08-29 01:39:50'),
(270, 139, 769, 77, 305, NULL, '2017-08-29 01:39:50'),
(271, 139, 770, 78, 311, NULL, '2017-08-29 01:39:50'),
(272, 139, 771, 79, 317, NULL, '2017-08-29 01:39:50'),
(273, 139, 772, 80, 322, NULL, '2017-08-29 01:39:50'),
(274, 139, 773, 81, 325, NULL, '2017-08-29 01:39:50'),
(275, 139, 774, 82, 331, NULL, '2017-08-29 01:39:50'),
(276, 142, 795, 73, 286, NULL, '2017-08-29 01:40:07'),
(277, 142, 796, 74, 292, NULL, '2017-08-29 01:40:07'),
(278, 142, 797, 75, 297, NULL, '2017-08-29 01:40:07'),
(279, 142, 798, 76, 301, NULL, '2017-08-29 01:40:07'),
(280, 142, 799, 77, 305, NULL, '2017-08-29 01:40:07'),
(281, 142, 800, 78, 311, NULL, '2017-08-29 01:40:07'),
(282, 142, 801, 79, 316, NULL, '2017-08-29 01:40:07'),
(283, 142, 802, 80, 322, NULL, '2017-08-29 01:40:07'),
(284, 142, 803, 81, 325, NULL, '2017-08-29 01:40:07'),
(285, 142, 804, 82, 332, NULL, '2017-08-29 01:40:07'),
(286, 160, 975, 73, 287, NULL, '2017-08-29 01:40:59'),
(287, 160, 976, 74, 291, NULL, '2017-08-29 01:40:59'),
(288, 160, 977, 75, 295, NULL, '2017-08-29 01:40:59'),
(289, 160, 978, 76, 303, NULL, '2017-08-29 01:40:59'),
(290, 160, 979, 77, 307, NULL, '2017-08-29 01:40:59'),
(291, 160, 980, 78, 310, NULL, '2017-08-29 01:40:59'),
(292, 160, 981, 79, 315, NULL, '2017-08-29 01:40:59'),
(293, 160, 982, 80, 323, NULL, '2017-08-29 01:40:59'),
(294, 160, 983, 81, 326, NULL, '2017-08-29 01:40:59'),
(295, 160, 984, 82, 332, NULL, '2017-08-29 01:40:59'),
(296, 151, 885, 73, 285, NULL, '2017-08-29 01:41:19'),
(297, 151, 886, 74, 292, NULL, '2017-08-29 01:41:19'),
(298, 151, 887, 75, 297, NULL, '2017-08-29 01:41:19'),
(299, 151, 888, 76, 301, NULL, '2017-08-29 01:41:19'),
(300, 151, 889, 77, 305, NULL, '2017-08-29 01:41:19'),
(301, 151, 890, 78, 312, NULL, '2017-08-29 01:41:19'),
(302, 151, 891, 79, 315, NULL, '2017-08-29 01:41:19'),
(303, 151, 892, 80, 324, NULL, '2017-08-29 01:41:19'),
(304, 151, 893, 81, 327, NULL, '2017-08-29 01:41:19'),
(305, 151, 894, 82, 331, NULL, '2017-08-29 01:41:19'),
(306, 140, 775, 73, 286, NULL, '2017-08-29 01:44:09'),
(307, 140, 776, 74, 292, NULL, '2017-08-29 01:44:09'),
(308, 140, 777, 75, 295, NULL, '2017-08-29 01:44:09'),
(309, 140, 778, 76, 302, NULL, '2017-08-29 01:44:09'),
(310, 140, 779, 77, 305, NULL, '2017-08-29 01:44:09'),
(311, 140, 780, 78, 312, NULL, '2017-08-29 01:44:09'),
(312, 140, 781, 79, 315, NULL, '2017-08-29 01:44:09'),
(313, 140, 782, 80, 321, NULL, '2017-08-29 01:44:09'),
(314, 140, 783, 81, 327, NULL, '2017-08-29 01:44:09'),
(315, 140, 784, 82, 333, NULL, '2017-08-29 01:44:09'),
(316, 143, 805, 73, 285, NULL, '2017-08-29 01:47:57'),
(317, 143, 806, 74, 292, NULL, '2017-08-29 01:47:57'),
(318, 143, 807, 75, 298, NULL, '2017-08-29 01:47:57'),
(319, 143, 808, 76, 301, NULL, '2017-08-29 01:47:57'),
(320, 143, 809, 77, 307, NULL, '2017-08-29 01:47:57'),
(321, 143, 810, 78, 310, NULL, '2017-08-29 01:47:57'),
(322, 143, 811, 79, 318, NULL, '2017-08-29 01:47:57'),
(323, 143, 812, 80, 320, NULL, '2017-08-29 01:47:57'),
(324, 143, 813, 81, 327, NULL, '2017-08-29 01:47:57'),
(325, 143, 814, 82, 331, NULL, '2017-08-29 01:47:57'),
(326, 146, 835, 73, 286, NULL, '2017-08-29 02:05:37'),
(327, 146, 836, 74, 291, NULL, '2017-08-29 02:05:37'),
(328, 146, 837, 75, 298, NULL, '2017-08-29 02:05:37'),
(329, 146, 838, 76, 302, NULL, '2017-08-29 02:05:37'),
(330, 146, 839, 77, 306, NULL, '2017-08-29 02:05:37'),
(331, 146, 840, 78, 313, NULL, '2017-08-29 02:05:37'),
(332, 146, 841, 79, 315, NULL, '2017-08-29 02:05:37'),
(333, 146, 842, 80, 323, NULL, '2017-08-29 02:05:37'),
(334, 146, 843, 81, 325, NULL, '2017-08-29 02:05:37'),
(335, 146, 844, 82, 334, NULL, '2017-08-29 02:05:37'),
(336, 144, 815, 73, 286, NULL, '2017-08-29 02:06:46'),
(337, 144, 816, 74, 293, NULL, '2017-08-29 02:06:46'),
(338, 144, 817, 75, 296, NULL, '2017-08-29 02:06:46'),
(339, 144, 818, 76, 304, NULL, '2017-08-29 02:06:46'),
(340, 144, 819, 77, 306, NULL, '2017-08-29 02:06:46'),
(341, 144, 820, 78, 314, NULL, '2017-08-29 02:06:46'),
(342, 144, 821, 79, 316, NULL, '2017-08-29 02:06:46'),
(343, 144, 822, 80, 320, NULL, '2017-08-29 02:06:46'),
(344, 144, 823, 81, 329, NULL, '2017-08-29 02:06:46'),
(345, 144, 824, 82, 330, NULL, '2017-08-29 02:06:46'),
(346, 145, 825, 73, 287, NULL, '2017-08-29 02:07:16'),
(347, 145, 826, 74, 291, NULL, '2017-08-29 02:07:16'),
(348, 145, 827, 75, 297, NULL, '2017-08-29 02:07:16'),
(349, 145, 828, 76, 304, NULL, '2017-08-29 02:07:16'),
(350, 145, 829, 77, 305, NULL, '2017-08-29 02:07:16'),
(351, 145, 830, 78, 311, NULL, '2017-08-29 02:07:16'),
(352, 145, 831, 79, 319, NULL, '2017-08-29 02:07:16'),
(353, 145, 832, 80, 320, NULL, '2017-08-29 02:07:16'),
(354, 145, 833, 81, 325, NULL, '2017-08-29 02:07:16'),
(355, 145, 834, 82, 333, NULL, '2017-08-29 02:07:16'),
(356, 148, 855, 73, 286, NULL, '2017-08-29 02:07:36'),
(357, 148, 856, 74, 292, NULL, '2017-08-29 02:07:36'),
(358, 148, 857, 75, 299, NULL, '2017-08-29 02:07:36'),
(359, 148, 858, 76, 300, NULL, '2017-08-29 02:07:36'),
(360, 148, 859, 77, 308, NULL, '2017-08-29 02:07:36'),
(361, 148, 860, 78, 311, NULL, '2017-08-29 02:07:36'),
(362, 148, 861, 79, 319, NULL, '2017-08-29 02:07:36'),
(363, 148, 862, 80, 320, NULL, '2017-08-29 02:07:36'),
(364, 148, 863, 81, 328, NULL, '2017-08-29 02:07:36'),
(365, 148, 864, 82, 332, NULL, '2017-08-29 02:07:36'),
(366, 147, 845, 73, 288, NULL, '2017-08-29 02:08:19'),
(367, 147, 846, 74, 290, NULL, '2017-08-29 02:08:19'),
(368, 147, 847, 75, 299, NULL, '2017-08-29 02:08:19'),
(369, 147, 848, 76, 301, NULL, '2017-08-29 02:08:19'),
(370, 147, 849, 77, 306, NULL, '2017-08-29 02:08:19'),
(371, 147, 850, 78, 314, NULL, '2017-08-29 02:08:19'),
(372, 147, 851, 79, 317, NULL, '2017-08-29 02:08:19'),
(373, 147, 852, 80, 321, NULL, '2017-08-29 02:08:19'),
(374, 147, 853, 81, 329, NULL, '2017-08-29 02:08:19'),
(375, 147, 854, 82, 330, NULL, '2017-08-29 02:08:19'),
(376, 149, 865, 73, 287, NULL, '2017-08-29 02:09:00'),
(377, 149, 866, 74, 291, NULL, '2017-08-29 02:09:00'),
(378, 149, 867, 75, 299, NULL, '2017-08-29 02:09:00'),
(379, 149, 868, 76, 300, NULL, '2017-08-29 02:09:00'),
(380, 149, 869, 77, 305, NULL, '2017-08-29 02:09:00'),
(381, 149, 870, 78, 314, NULL, '2017-08-29 02:09:00'),
(382, 149, 871, 79, 319, NULL, '2017-08-29 02:09:00'),
(383, 149, 872, 80, 320, NULL, '2017-08-29 02:09:00'),
(384, 149, 873, 81, 329, NULL, '2017-08-29 02:09:00'),
(385, 149, 874, 82, 330, NULL, '2017-08-29 02:09:00');

-- --------------------------------------------------------

--
-- Table structure for table `category`
--

CREATE TABLE `category` (
  `id` int(11) NOT NULL,
  `category_name` varchar(100) NOT NULL,
  `active` tinyint(1) NOT NULL COMMENT '1=active, 0=inactive',
  `create_date` datetime NOT NULL
) ENGINE=InnoDB DEFAULT CHARSET=latin1;

--
-- Dumping data for table `category`
--

INSERT INTO `category` (`id`, `category_name`, `active`, `create_date`) VALUES
(1, 'Category 3', 1, '2017-06-07 18:40:44'),
(2, 'Category 2', 1, '2017-06-13 12:29:35'),
(3, 'Category 1', 1, '2017-06-13 12:29:59'),
(5, 'Category 4', 1, '2017-06-20 03:49:08'),
(6, 'Category 5', 1, '2017-06-20 04:10:02'),
(7, 'Category 6', 1, '2017-07-06 00:28:00'),
(8, 'Category 7', 1, '2017-07-06 01:11:31'),
(9, 'Communication Skills', 1, '2017-07-06 02:37:39'),
(10, 'Listening Skills', 1, '2017-07-06 02:37:50'),
(11, 'IT Company', 1, '2017-07-07 05:59:05'),
(12, 'test R', 1, '2017-07-12 07:33:23'),
(13, 'Opple Category 1', 1, '2017-07-14 02:32:42'),
(14, 'Opple Category 2', 1, '2017-07-14 02:33:06'),
(15, 'Opple Category 3', 1, '2017-07-14 02:33:15'),
(16, 'Opple Category 4', 1, '2017-07-14 02:33:25'),
(17, 'Opple Category 5', 1, '2017-07-14 02:33:32'),
(18, 'Opple Test', 1, '2017-07-14 04:22:14'),
(19, 'Opple Category 6', 1, '2017-07-18 02:12:52'),
(20, 'Opple Category 7', 1, '2017-07-18 02:13:01'),
(21, 'test 123', 1, '2017-07-20 06:05:26'),
(22, 'Negotiation Cat1', 1, '2017-07-24 04:53:20'),
(23, 'Negotiation Cat2', 1, '2017-07-24 04:54:20'),
(24, 'Negotiation Cat3', 1, '2017-07-24 04:54:30'),
(25, 'Bhim Categroy 1', 1, '2017-07-26 07:46:19'),
(26, 'Bhim Categroy 2', 1, '2017-07-26 07:46:29'),
(27, 'Bhim Categroy 3', 1, '2017-07-26 07:46:40'),
(28, 'Bhim Categroy 4', 1, '2017-07-26 07:46:52'),
(29, 'Aman Category 1', 1, '2017-07-27 03:32:39'),
(30, 'Aman Category 2', 1, '2017-07-27 03:32:48'),
(31, 'Aman Category 3', 1, '2017-07-27 03:33:07'),
(32, 'Aman Category 4', 1, '2017-07-27 03:33:24'),
(35, 'Creating a Shared Vision', 1, '2017-08-29 00:47:50'),
(37, 'Developing People', 1, '2017-08-29 00:54:53');

-- --------------------------------------------------------

--
-- Table structure for table `cms`
--

CREATE TABLE `cms` (
  `cms_id` int(11) NOT NULL,
  `page_id` varchar(50) NOT NULL,
  `description` text CHARACTER SET utf8 NOT NULL,
  `image` varchar(255) NOT NULL,
  `active` smallint(6) NOT NULL COMMENT '1= active, 0=inactive',
  `create_date` datetime NOT NULL
) ENGINE=InnoDB DEFAULT CHARSET=latin1;

--
-- Dumping data for table `cms`
--

INSERT INTO `cms` (`cms_id`, `page_id`, `description`, `image`, `active`, `create_date`) VALUES
(1, 'about', '<p><br></p><h5>Lorem Ipsum is simply dummy text of the printing and typesetting \r\nindustry. Lorem Ipsum has been the industry\'s standard dummy text ever \r\nsince the 1500s,Lorem Ipsum is simply dummy text of the printing and \r\ntypesetting \r\nindustry. Lorem Ipsum has been the industry\'s standard dummy text ever \r\nsince the 1500s,Lorem Ipsum is simply dummy text of the printing and \r\ntypesetting \r\nindustry. Lorem Ipsum has been the industry\'s standard dummy text ever \r\nsince the 1500s,Lorem Ipsum is simply dummy text of the printing and \r\ntypesetting \r\nindustry. Lorem Ipsum has been the industry\'s standard dummy text ever \r\nsince the 1500s,<br></h5><p><br></p><p><br></p><p><br></p>', '', 1, '2017-06-19 07:16:03'),
(2, 'privacy_policy', '<p><br></p><h5>Lorem Ipsum is simply dummy text of the printing and typesetting \r\nindustry. Lorem Ipsum has been the industry\'s standard dummy text ever \r\nsince the 1500s,Lorem Ipsum is simply dummy text of the printing and \r\ntypesetting \r\nindustry. Lorem Ipsum has been the industry\'s standard dummy text ever \r\nsince the 1500s,Lorem Ipsum is simply dummy text of the printing and \r\ntypesetting \r\nindustry. Lorem Ipsum has been the industry\'s standard dummy text ever \r\nsince the 1500s,Lorem Ipsum is simply dummy text of the printing and \r\ntypesetting \r\nindustry. Lorem Ipsum has been the industry\'s standard dummy text ever \r\nsince the 1500s,<br></h5><p><br></p><p><br></p><p><br></p>', '', 1, '2017-06-19 07:16:25');

-- --------------------------------------------------------

--
-- Table structure for table `contacts`
--

CREATE TABLE `contacts` (
  `id` int(11) NOT NULL,
  `user_id` int(11) NOT NULL,
  `message` text NOT NULL,
  `datetime` datetime NOT NULL
) ENGINE=InnoDB DEFAULT CHARSET=latin1;

--
-- Dumping data for table `contacts`
--

INSERT INTO `contacts` (`id`, `user_id`, `message`, `datetime`) VALUES
(1, 146, 'hi', '2017-08-10 00:47:40'),
(2, 180, 'test', '2017-08-25 04:14:40');

-- --------------------------------------------------------

--
-- Table structure for table `countries`
--

CREATE TABLE `countries` (
  `id` int(11) NOT NULL,
  `code` varchar(30) NOT NULL,
  `name` varchar(150) NOT NULL
) ENGINE=InnoDB DEFAULT CHARSET=latin1;

--
-- Dumping data for table `countries`
--

INSERT INTO `countries` (`id`, `code`, `name`) VALUES
(1, 'AF', 'Afghanistan'),
(2, 'AL', 'Albania'),
(3, 'DZ', 'Algeria'),
(4, 'AS', 'American Samoa'),
(5, 'AD', 'Andorra'),
(6, 'AO', 'Angola'),
(7, 'AI', 'Anguilla'),
(8, 'AQ', 'Antarctica'),
(9, 'AG', 'Antigua And Barbuda'),
(10, 'AR', 'Argentina'),
(11, 'AM', 'Armenia'),
(12, 'AW', 'Aruba'),
(13, 'AU', 'Australia'),
(14, 'AT', 'Austria'),
(15, 'AZ', 'Azerbaijan'),
(16, 'BS', 'Bahamas The'),
(17, 'BH', 'Bahrain'),
(18, 'BD', 'Bangladesh'),
(19, 'BB', 'Barbados'),
(20, 'BY', 'Belarus'),
(21, 'BE', 'Belgium'),
(22, 'BZ', 'Belize'),
(23, 'BJ', 'Benin'),
(24, 'BM', 'Bermuda'),
(25, 'BT', 'Bhutan'),
(26, 'BO', 'Bolivia'),
(27, 'BA', 'Bosnia and Herzegovina'),
(28, 'BW', 'Botswana'),
(29, 'BV', 'Bouvet Island'),
(30, 'BR', 'Brazil'),
(31, 'IO', 'British Indian Ocean Territory'),
(32, 'BN', 'Brunei'),
(33, 'BG', 'Bulgaria'),
(34, 'BF', 'Burkina Faso'),
(35, 'BI', 'Burundi'),
(36, 'KH', 'Cambodia'),
(37, 'CM', 'Cameroon'),
(38, 'CA', 'Canada'),
(39, 'CV', 'Cape Verde'),
(40, 'KY', 'Cayman Islands'),
(41, 'CF', 'Central African Republic'),
(42, 'TD', 'Chad'),
(43, 'CL', 'Chile'),
(44, 'CN', 'China'),
(45, 'CX', 'Christmas Island'),
(46, 'CC', 'Cocos (Keeling) Islands'),
(47, 'CO', 'Colombia'),
(48, 'KM', 'Comoros'),
(49, 'CG', 'Congo'),
(50, 'CD', 'Congo The Democratic Republic Of The'),
(51, 'CK', 'Cook Islands'),
(52, 'CR', 'Costa Rica'),
(53, 'CI', 'Cote D\'Ivoire (Ivory Coast)'),
(54, 'HR', 'Croatia (Hrvatska)'),
(55, 'CU', 'Cuba'),
(56, 'CY', 'Cyprus'),
(57, 'CZ', 'Czech Republic'),
(58, 'DK', 'Denmark'),
(59, 'DJ', 'Djibouti'),
(60, 'DM', 'Dominica'),
(61, 'DO', 'Dominican Republic'),
(62, 'TP', 'East Timor'),
(63, 'EC', 'Ecuador'),
(64, 'EG', 'Egypt'),
(65, 'SV', 'El Salvador'),
(66, 'GQ', 'Equatorial Guinea'),
(67, 'ER', 'Eritrea'),
(68, 'EE', 'Estonia'),
(69, 'ET', 'Ethiopia'),
(70, 'XA', 'External Territories of Australia'),
(71, 'FK', 'Falkland Islands'),
(72, 'FO', 'Faroe Islands'),
(73, 'FJ', 'Fiji Islands'),
(74, 'FI', 'Finland'),
(75, 'FR', 'France'),
(76, 'GF', 'French Guiana'),
(77, 'PF', 'French Polynesia'),
(78, 'TF', 'French Southern Territories'),
(79, 'GA', 'Gabon'),
(80, 'GM', 'Gambia The'),
(81, 'GE', 'Georgia'),
(82, 'DE', 'Germany'),
(83, 'GH', 'Ghana'),
(84, 'GI', 'Gibraltar'),
(85, 'GR', 'Greece'),
(86, 'GL', 'Greenland'),
(87, 'GD', 'Grenada'),
(88, 'GP', 'Guadeloupe'),
(89, 'GU', 'Guam'),
(90, 'GT', 'Guatemala'),
(91, 'XU', 'Guernsey and Alderney'),
(92, 'GN', 'Guinea'),
(93, 'GW', 'Guinea-Bissau'),
(94, 'GY', 'Guyana'),
(95, 'HT', 'Haiti'),
(96, 'HM', 'Heard and McDonald Islands'),
(97, 'HN', 'Honduras'),
(98, 'HK', 'Hong Kong S.A.R.'),
(99, 'HU', 'Hungary'),
(100, 'IS', 'Iceland'),
(101, 'IN', 'India'),
(102, 'ID', 'Indonesia'),
(103, 'IR', 'Iran'),
(104, 'IQ', 'Iraq'),
(105, 'IE', 'Ireland'),
(106, 'IL', 'Israel'),
(107, 'IT', 'Italy'),
(108, 'JM', 'Jamaica'),
(109, 'JP', 'Japan'),
(110, 'XJ', 'Jersey'),
(111, 'JO', 'Jordan'),
(112, 'KZ', 'Kazakhstan'),
(113, 'KE', 'Kenya'),
(114, 'KI', 'Kiribati'),
(115, 'KP', 'Korea North'),
(116, 'KR', 'Korea South'),
(117, 'KW', 'Kuwait'),
(118, 'KG', 'Kyrgyzstan'),
(119, 'LA', 'Laos'),
(120, 'LV', 'Latvia'),
(121, 'LB', 'Lebanon'),
(122, 'LS', 'Lesotho'),
(123, 'LR', 'Liberia'),
(124, 'LY', 'Libya'),
(125, 'LI', 'Liechtenstein'),
(126, 'LT', 'Lithuania'),
(127, 'LU', 'Luxembourg'),
(128, 'MO', 'Macau S.A.R.'),
(129, 'MK', 'Macedonia'),
(130, 'MG', 'Madagascar'),
(131, 'MW', 'Malawi'),
(132, 'MY', 'Malaysia'),
(133, 'MV', 'Maldives'),
(134, 'ML', 'Mali'),
(135, 'MT', 'Malta'),
(136, 'XM', 'Man (Isle of)'),
(137, 'MH', 'Marshall Islands'),
(138, 'MQ', 'Martinique'),
(139, 'MR', 'Mauritania'),
(140, 'MU', 'Mauritius'),
(141, 'YT', 'Mayotte'),
(142, 'MX', 'Mexico'),
(143, 'FM', 'Micronesia'),
(144, 'MD', 'Moldova'),
(145, 'MC', 'Monaco'),
(146, 'MN', 'Mongolia'),
(147, 'MS', 'Montserrat'),
(148, 'MA', 'Morocco'),
(149, 'MZ', 'Mozambique'),
(150, 'MM', 'Myanmar'),
(151, 'NA', 'Namibia'),
(152, 'NR', 'Nauru'),
(153, 'NP', 'Nepal'),
(154, 'AN', 'Netherlands Antilles'),
(155, 'NL', 'Netherlands The'),
(156, 'NC', 'New Caledonia'),
(157, 'NZ', 'New Zealand'),
(158, 'NI', 'Nicaragua'),
(159, 'NE', 'Niger'),
(160, 'NG', 'Nigeria'),
(161, 'NU', 'Niue'),
(162, 'NF', 'Norfolk Island'),
(163, 'MP', 'Northern Mariana Islands'),
(164, 'NO', 'Norway'),
(165, 'OM', 'Oman'),
(166, 'PK', 'Pakistan'),
(167, 'PW', 'Palau'),
(168, 'PS', 'Palestinian Territory Occupied'),
(169, 'PA', 'Panama'),
(170, 'PG', 'Papua new Guinea'),
(171, 'PY', 'Paraguay'),
(172, 'PE', 'Peru'),
(173, 'PH', 'Philippines'),
(174, 'PN', 'Pitcairn Island'),
(175, 'PL', 'Poland'),
(176, 'PT', 'Portugal'),
(177, 'PR', 'Puerto Rico'),
(178, 'QA', 'Qatar'),
(179, 'RE', 'Reunion'),
(180, 'RO', 'Romania'),
(181, 'RU', 'Russia'),
(182, 'RW', 'Rwanda'),
(183, 'SH', 'Saint Helena'),
(184, 'KN', 'Saint Kitts And Nevis'),
(185, 'LC', 'Saint Lucia'),
(186, 'PM', 'Saint Pierre and Miquelon'),
(187, 'VC', 'Saint Vincent And The Grenadines'),
(188, 'WS', 'Samoa'),
(189, 'SM', 'San Marino'),
(190, 'ST', 'Sao Tome and Principe'),
(191, 'SA', 'Saudi Arabia'),
(192, 'SN', 'Senegal'),
(193, 'RS', 'Serbia'),
(194, 'SC', 'Seychelles'),
(195, 'SL', 'Sierra Leone'),
(196, 'SG', 'Singapore'),
(197, 'SK', 'Slovakia'),
(198, 'SI', 'Slovenia'),
(199, 'XG', 'Smaller Territories of the UK'),
(200, 'SB', 'Solomon Islands'),
(201, 'SO', 'Somalia'),
(202, 'ZA', 'South Africa'),
(203, 'GS', 'South Georgia'),
(204, 'SS', 'South Sudan'),
(205, 'ES', 'Spain'),
(206, 'LK', 'Sri Lanka'),
(207, 'SD', 'Sudan'),
(208, 'SR', 'Suriname'),
(209, 'SJ', 'Svalbard And Jan Mayen Islands'),
(210, 'SZ', 'Swaziland'),
(211, 'SE', 'Sweden'),
(212, 'CH', 'Switzerland'),
(213, 'SY', 'Syria'),
(214, 'TW', 'Taiwan'),
(215, 'TJ', 'Tajikistan'),
(216, 'TZ', 'Tanzania'),
(217, 'TH', 'Thailand'),
(218, 'TG', 'Togo'),
(219, 'TK', 'Tokelau'),
(220, 'TO', 'Tonga'),
(221, 'TT', 'Trinidad And Tobago'),
(222, 'TN', 'Tunisia'),
(223, 'TR', 'Turkey'),
(224, 'TM', 'Turkmenistan'),
(225, 'TC', 'Turks And Caicos Islands'),
(226, 'TV', 'Tuvalu'),
(227, 'UG', 'Uganda'),
(228, 'UA', 'Ukraine'),
(229, 'AE', 'United Arab Emirates'),
(230, 'GB', 'United Kingdom'),
(231, 'US', 'United States'),
(232, 'UM', 'United States Minor Outlying Islands'),
(233, 'UY', 'Uruguay'),
(234, 'UZ', 'Uzbekistan'),
(235, 'VU', 'Vanuatu'),
(236, 'VA', 'Vatican City State (Holy See)'),
(237, 'VE', 'Venezuela'),
(238, 'VN', 'Vietnam'),
(239, 'VG', 'Virgin Islands (British)'),
(240, 'VI', 'Virgin Islands (US)'),
(241, 'WF', 'Wallis And Futuna Islands'),
(242, 'EH', 'Western Sahara'),
(243, 'YE', 'Yemen'),
(244, 'YU', 'Yugoslavia'),
(245, 'ZM', 'Zambia'),
(246, 'ZW', 'Zimbabwe');

-- --------------------------------------------------------

--
-- Table structure for table `daily_assessment_submission`
--

CREATE TABLE `daily_assessment_submission` (
  `id` bigint(20) NOT NULL,
  `user_assessment_id` int(10) NOT NULL,
  `user_assessment_question_id` int(10) NOT NULL,
  `question_id` int(10) NOT NULL,
  `select_option_id` int(10) NOT NULL,
  `submission_date` date NOT NULL,
  `submission_datetime` datetime NOT NULL
) ENGINE=InnoDB DEFAULT CHARSET=latin1;

--
-- Dumping data for table `daily_assessment_submission`
--

INSERT INTO `daily_assessment_submission` (`id`, `user_assessment_id`, `user_assessment_question_id`, `question_id`, `select_option_id`, `submission_date`, `submission_datetime`) VALUES
(1, 12, 66, 13, 15, '2017-08-10', '2017-08-10 03:47:45'),
(2, 12, 67, 14, 22, '2017-08-10', '2017-08-10 03:47:45'),
(3, 12, 68, 15, 26, '2017-08-10', '2017-08-10 03:47:45'),
(4, 12, 69, 16, 32, '2017-08-10', '2017-08-10 03:47:45'),
(5, 12, 70, 17, 36, '2017-08-10', '2017-08-10 03:47:45'),
(6, 12, 71, 20, 51, '2017-08-10', '2017-08-10 03:47:45'),
(7, 12, 72, 21, 57, '2017-08-10', '2017-08-10 03:47:45'),
(8, 12, 66, 13, 15, '2017-08-11', '2017-08-10 03:47:45'),
(9, 12, 67, 14, 22, '2017-08-11', '2017-08-10 03:47:45'),
(10, 12, 68, 15, 26, '2017-08-11', '2017-08-10 03:47:45'),
(11, 12, 69, 16, 32, '2017-08-11', '2017-08-10 03:47:45'),
(12, 12, 70, 17, 36, '2017-08-11', '2017-08-10 03:47:45'),
(13, 12, 71, 20, 51, '2017-08-11', '2017-08-10 03:47:45'),
(14, 12, 72, 21, 57, '2017-08-11', '2017-08-10 03:47:45'),
(15, 12, 66, 13, 15, '2017-08-12', '2017-08-10 03:47:45'),
(16, 12, 67, 14, 22, '2017-08-12', '2017-08-10 03:47:45'),
(17, 12, 68, 15, 26, '2017-08-12', '2017-08-10 03:47:45'),
(18, 12, 69, 16, 32, '2017-08-12', '2017-08-10 03:47:45'),
(19, 12, 70, 17, 36, '2017-08-12', '2017-08-10 03:47:45'),
(20, 12, 71, 20, 51, '2017-08-12', '2017-08-10 03:47:45'),
(21, 12, 72, 21, 57, '2017-08-12', '2017-08-10 03:47:45'),
(22, 9, 45, 13, 19, '2017-08-10', '2017-08-10 03:57:07'),
(23, 9, 46, 14, 20, '2017-08-10', '2017-08-10 03:57:07'),
(24, 9, 47, 15, 27, '2017-08-10', '2017-08-10 03:57:07'),
(25, 9, 48, 16, 33, '2017-08-10', '2017-08-10 03:57:07'),
(26, 9, 49, 17, 35, '2017-08-10', '2017-08-10 03:57:07'),
(27, 9, 50, 20, 53, '2017-08-10', '2017-08-10 03:57:07'),
(28, 9, 51, 21, 57, '2017-08-10', '2017-08-10 03:57:07'),
(29, 14, 86, 51, 192, '2017-08-10', '2017-08-10 04:26:01'),
(30, 14, 87, 52, 197, '2017-08-10', '2017-08-10 04:26:01'),
(31, 14, 88, 53, 198, '2017-08-10', '2017-08-10 04:26:01'),
(32, 16, 92, 51, 191, '2017-08-10', '2017-08-10 04:29:52'),
(33, 16, 93, 52, 194, '2017-08-10', '2017-08-10 04:29:52'),
(34, 16, 94, 53, 201, '2017-08-10', '2017-08-10 04:29:52'),
(35, 15, 89, 51, 193, '2017-08-10', '2017-08-10 05:41:22'),
(36, 15, 90, 52, 196, '2017-08-10', '2017-08-10 05:41:22'),
(37, 15, 91, 53, 198, '2017-08-10', '2017-08-10 05:41:22'),
(38, 24, 116, 12, 12, '2017-08-10', '2017-08-10 08:40:23'),
(39, 24, 117, 9, 4, '2017-08-10', '2017-08-10 08:40:23'),
(40, 24, 118, 10, 8, '2017-08-10', '2017-08-10 08:40:23'),
(41, 23, 113, 12, 14, '2017-08-11', '2017-08-11 00:32:20'),
(42, 23, 114, 9, 4, '2017-08-11', '2017-08-11 00:32:20'),
(43, 23, 115, 10, 6, '2017-08-11', '2017-08-11 00:32:20'),
(44, 24, 116, 12, 14, '2017-08-14', '2017-08-14 00:47:16'),
(45, 24, 117, 9, 4, '2017-08-14', '2017-08-14 00:47:16'),
(46, 24, 118, 10, 6, '2017-08-14', '2017-08-14 00:47:16'),
(47, 27, 125, 12, 12, '2017-08-14', '2017-08-14 00:53:20'),
(48, 27, 126, 9, 3, '2017-08-14', '2017-08-14 00:53:20'),
(49, 27, 127, 10, 6, '2017-08-14', '2017-08-14 00:53:20'),
(50, 33, 139, 9, 3, '2017-08-14', '2017-08-14 04:28:38'),
(51, 33, 140, 10, 6, '2017-08-14', '2017-08-14 04:28:38'),
(52, 33, 139, 9, 3, '2017-08-16', '2017-08-16 00:06:39'),
(53, 33, 140, 10, 7, '2017-08-16', '2017-08-16 00:06:39'),
(54, 24, 116, 12, 12, '2017-08-16', '2017-08-16 00:07:07'),
(55, 24, 117, 9, 4, '2017-08-16', '2017-08-16 00:07:07'),
(56, 24, 118, 10, 8, '2017-08-16', '2017-08-16 00:07:07'),
(57, 23, 113, 12, 14, '2017-08-16', '2017-08-16 01:30:25'),
(58, 23, 114, 9, 5, '2017-08-16', '2017-08-16 01:30:25'),
(59, 23, 115, 10, 8, '2017-08-16', '2017-08-16 01:30:25'),
(60, 27, 125, 12, 13, '2017-08-16', '2017-08-16 01:33:32'),
(61, 27, 126, 9, 4, '2017-08-16', '2017-08-16 01:33:32'),
(62, 27, 127, 10, 7, '2017-08-16', '2017-08-16 01:33:32'),
(63, 33, 139, 9, 3, '2017-08-17', '2017-08-17 01:48:30'),
(64, 33, 140, 10, 8, '2017-08-17', '2017-08-17 01:48:30'),
(65, 71, 519, 67, 257, '2017-08-17', '2017-08-17 02:04:06'),
(66, 71, 520, 70, 271, '2017-08-17', '2017-08-17 02:04:06'),
(67, 72, 521, 67, 255, '2017-08-17', '2017-08-17 02:07:32'),
(68, 72, 522, 70, 271, '2017-08-17', '2017-08-17 02:07:32'),
(69, 79, 523, 67, 259, '2017-08-17', '2017-08-17 02:24:44'),
(70, 79, 524, 70, 273, '2017-08-17', '2017-08-17 02:24:44'),
(75, 34, 141, 9, 3, '2017-08-18', '2017-08-18 04:55:48'),
(76, 34, 142, 10, 6, '2017-08-18', '2017-08-18 04:55:48'),
(77, 93, 602, 9, 3, '2017-08-18', '2017-08-18 06:04:32'),
(78, 93, 603, 10, 8, '2017-08-18', '2017-08-18 06:04:32'),
(79, 79, 523, 67, 257, '2017-08-22', '2017-08-22 02:51:06'),
(80, 79, 524, 70, 270, '2017-08-22', '2017-08-22 02:51:06'),
(83, 93, 602, 9, 3, '2017-08-23', '2017-08-23 01:31:28'),
(84, 93, 603, 10, 6, '2017-08-23', '2017-08-23 01:31:28'),
(85, 91, 598, 9, 4, '2017-08-23', '2017-08-23 01:32:54'),
(86, 91, 599, 10, 7, '2017-08-23', '2017-08-23 01:32:54'),
(87, 92, 600, 9, 4, '2017-08-23', '2017-08-23 01:35:18'),
(88, 92, 601, 10, 7, '2017-08-23', '2017-08-23 01:35:18'),
(89, 7, 31, 13, 15, '2017-08-23', '2017-08-23 07:13:10'),
(90, 7, 32, 14, 23, '2017-08-23', '2017-08-23 07:13:10'),
(91, 7, 33, 15, 28, '2017-08-23', '2017-08-23 07:13:10'),
(92, 7, 34, 16, 32, '2017-08-23', '2017-08-23 07:13:10'),
(93, 7, 35, 17, 38, '2017-08-23', '2017-08-23 07:13:10'),
(94, 7, 36, 20, 54, '2017-08-23', '2017-08-23 07:13:10'),
(95, 7, 37, 21, 56, '2017-08-23', '2017-08-23 07:13:10'),
(96, 79, 523, 67, 256, '2017-08-23', '2017-08-23 07:17:26'),
(97, 79, 524, 70, 271, '2017-08-23', '2017-08-23 07:17:26'),
(98, 92, 600, 9, 5, '2017-08-24', '2017-08-24 00:17:55'),
(99, 92, 601, 10, 8, '2017-08-24', '2017-08-24 00:17:55'),
(100, 112, 666, 12, 13, '2017-08-24', '2017-08-24 05:39:08'),
(101, 112, 667, 9, 5, '2017-08-24', '2017-08-24 05:39:08'),
(102, 108, 655, 12, 12, '2017-08-24', '2017-08-24 05:43:42'),
(103, 108, 656, 9, 4, '2017-08-24', '2017-08-24 05:43:42'),
(104, 108, 657, 10, 8, '2017-08-24', '2017-08-24 05:43:42'),
(105, 110, 661, 12, 12, '2017-08-24', '2017-08-24 05:46:46'),
(106, 110, 662, 9, 3, '2017-08-24', '2017-08-24 05:46:46'),
(107, 110, 663, 10, 6, '2017-08-24', '2017-08-24 05:46:46'),
(108, 109, 658, 12, 14, '2017-08-24', '2017-08-24 05:53:18'),
(109, 109, 659, 9, 5, '2017-08-24', '2017-08-24 05:53:18'),
(110, 109, 660, 10, 8, '2017-08-24', '2017-08-24 05:53:18'),
(111, 118, 694, 12, 14, '2017-08-24', '2017-08-24 06:57:21'),
(112, 118, 695, 9, 5, '2017-08-24', '2017-08-24 06:57:21'),
(113, 120, 698, 12, 12, '2017-08-24', '2017-08-24 07:04:30'),
(114, 120, 699, 9, 5, '2017-08-24', '2017-08-24 07:04:30'),
(115, 119, 696, 12, 12, '2017-08-25', '2017-08-25 03:57:23'),
(116, 119, 697, 9, 3, '2017-08-25', '2017-08-25 03:57:23'),
(117, 120, 698, 12, 14, '2017-08-25', '2017-08-25 04:03:22'),
(118, 120, 699, 9, 5, '2017-08-25', '2017-08-25 04:03:22'),
(119, 118, 694, 12, 13, '2017-08-25', '2017-08-25 04:18:54'),
(120, 118, 695, 9, 4, '2017-08-25', '2017-08-25 04:18:54'),
(121, 111, 664, 12, 14, '2017-08-25', '2017-08-25 06:08:07'),
(122, 111, 665, 9, 5, '2017-08-25', '2017-08-25 06:08:07'),
(123, 113, 668, 12, 14, '2017-08-25', '2017-08-25 06:23:26'),
(124, 113, 669, 9, 5, '2017-08-25', '2017-08-25 06:23:26'),
(125, 112, 666, 12, 14, '2017-08-25', '2017-08-25 06:38:20'),
(126, 112, 667, 9, 5, '2017-08-25', '2017-08-25 06:38:20'),
(127, 92, 600, 9, 4, '2017-08-25', '2017-08-25 08:15:18'),
(128, 92, 601, 10, 7, '2017-08-25', '2017-08-25 08:15:18'),
(129, 109, 658, 12, 14, '2017-08-25', '2017-08-25 08:29:08'),
(130, 109, 659, 9, 4, '2017-08-25', '2017-08-25 08:29:08'),
(131, 109, 660, 10, 6, '2017-08-25', '2017-08-25 08:29:08'),
(132, 92, 600, 9, 5, '2017-08-28', '2017-08-28 00:57:03'),
(133, 92, 601, 10, 7, '2017-08-28', '2017-08-28 00:57:03'),
(134, 97, 625, 9, 4, '2017-08-28', '2017-08-28 01:06:54'),
(135, 97, 626, 10, 8, '2017-08-28', '2017-08-28 01:06:54'),
(136, 132, 735, 9, 3, '2017-08-28', '2017-08-28 05:26:31'),
(137, 132, 736, 10, 6, '2017-08-28', '2017-08-28 05:26:31'),
(138, 133, 737, 9, 5, '2017-08-28', '2017-08-28 05:47:16'),
(139, 133, 738, 10, 8, '2017-08-28', '2017-08-28 05:47:16'),
(140, 134, 739, 9, 4, '2017-08-28', '2017-08-28 05:57:26'),
(141, 134, 740, 10, 7, '2017-08-28', '2017-08-28 05:57:26'),
(142, 9, 45, 13, 19, '2017-08-28', '2017-08-28 06:52:16'),
(143, 9, 46, 14, 23, '2017-08-28', '2017-08-28 06:52:16'),
(144, 9, 47, 15, 28, '2017-08-28', '2017-08-28 06:52:16'),
(145, 9, 48, 16, 32, '2017-08-28', '2017-08-28 06:52:16'),
(146, 9, 49, 17, 38, '2017-08-28', '2017-08-28 06:52:16'),
(147, 9, 50, 20, 50, '2017-08-28', '2017-08-28 06:52:16'),
(148, 9, 51, 21, 57, '2017-08-28', '2017-08-28 06:52:16'),
(149, 8, 38, 13, 15, '2017-08-28', '2017-08-28 08:23:12'),
(150, 8, 39, 14, 22, '2017-08-28', '2017-08-28 08:23:12'),
(151, 8, 40, 15, 26, '2017-08-28', '2017-08-28 08:23:12'),
(152, 8, 41, 16, 30, '2017-08-28', '2017-08-28 08:23:12'),
(153, 8, 42, 17, 38, '2017-08-28', '2017-08-28 08:23:12'),
(154, 8, 43, 20, 52, '2017-08-28', '2017-08-28 08:23:12'),
(155, 8, 44, 21, 59, '2017-08-28', '2017-08-28 08:23:12'),
(156, 11, 59, 13, 19, '2017-08-28', '2017-08-28 08:24:23'),
(157, 11, 60, 14, 24, '2017-08-28', '2017-08-28 08:24:23'),
(158, 11, 61, 15, 25, '2017-08-28', '2017-08-28 08:24:23'),
(159, 11, 62, 16, 32, '2017-08-28', '2017-08-28 08:24:23'),
(160, 11, 63, 17, 39, '2017-08-28', '2017-08-28 08:24:23'),
(161, 11, 64, 20, 53, '2017-08-28', '2017-08-28 08:24:23'),
(162, 11, 65, 21, 56, '2017-08-28', '2017-08-28 08:24:23'),
(163, 79, 523, 67, 255, '2017-08-28', '2017-08-28 23:36:46'),
(164, 79, 524, 70, 272, '2017-08-28', '2017-08-28 23:36:46'),
(165, 132, 735, 9, 4, '2017-08-29', '2017-08-29 00:39:48'),
(166, 132, 736, 10, 6, '2017-08-29', '2017-08-29 00:39:48'),
(167, 134, 739, 9, 5, '2017-08-29', '2017-08-29 00:41:09'),
(168, 134, 740, 10, 6, '2017-08-29', '2017-08-29 00:41:09'),
(169, 133, 737, 9, 5, '2017-08-29', '2017-08-29 00:42:16'),
(170, 133, 738, 10, 8, '2017-08-29', '2017-08-29 00:42:16'),
(171, 162, 1025, 74, 290, '2017-08-29', '2017-08-29 02:18:25'),
(172, 162, 1026, 80, 321, '2017-08-29', '2017-08-29 02:18:25'),
(173, 165, 1031, 74, 291, '2017-08-29', '2017-08-29 02:19:11'),
(174, 165, 1032, 80, 322, '2017-08-29', '2017-08-29 02:19:11'),
(175, 168, 1037, 74, 291, '2017-08-29', '2017-08-29 02:19:59'),
(176, 168, 1038, 80, 322, '2017-08-29', '2017-08-29 02:19:59'),
(177, 171, 1043, 74, 292, '2017-08-29', '2017-08-29 02:20:24'),
(178, 171, 1044, 80, 321, '2017-08-29', '2017-08-29 02:20:24'),
(179, 172, 1045, 74, 290, '2017-08-29', '2017-08-29 02:21:06'),
(180, 172, 1046, 80, 321, '2017-08-29', '2017-08-29 02:21:06'),
(181, 169, 1039, 74, 290, '2017-08-29', '2017-08-29 02:21:36'),
(182, 169, 1040, 80, 321, '2017-08-29', '2017-08-29 02:21:36'),
(183, 166, 1033, 74, 290, '2017-08-29', '2017-08-29 02:21:48'),
(184, 166, 1034, 80, 321, '2017-08-29', '2017-08-29 02:21:48'),
(185, 163, 1027, 74, 290, '2017-08-29', '2017-08-29 02:22:13'),
(186, 163, 1028, 80, 320, '2017-08-29', '2017-08-29 02:22:13'),
(187, 173, 1047, 74, 290, '2017-08-29', '2017-08-29 02:24:46'),
(188, 173, 1048, 80, 322, '2017-08-29', '2017-08-29 02:24:46'),
(189, 170, 1041, 74, 290, '2017-08-29', '2017-08-29 02:24:55'),
(190, 170, 1042, 80, 320, '2017-08-29', '2017-08-29 02:24:55'),
(191, 134, 739, 9, 3, '2017-08-30', '2017-08-30 06:13:58'),
(192, 134, 740, 10, 8, '2017-08-30', '2017-08-30 06:13:58'),
(193, 7, 31, 13, 15, '2017-09-21', '2017-08-23 07:13:10'),
(194, 7, 32, 14, 23, '2017-09-21', '2017-08-23 07:13:10'),
(195, 7, 33, 15, 28, '2017-09-21', '2017-08-23 07:13:10'),
(196, 7, 34, 16, 32, '2017-09-21', '2017-08-23 07:13:10'),
(197, 7, 35, 17, 38, '2017-09-21', '2017-08-23 07:13:10'),
(198, 7, 36, 20, 54, '2017-09-21', '2017-08-23 07:13:10'),
(199, 7, 37, 21, 56, '2017-09-21', '2017-08-23 07:13:10');

-- --------------------------------------------------------

--
-- Table structure for table `groups`
--

CREATE TABLE `groups` (
  `id` mediumint(8) UNSIGNED NOT NULL,
  `name` varchar(20) NOT NULL,
  `description` varchar(100) NOT NULL,
  `active` tinyint(1) NOT NULL DEFAULT '1' COMMENT '1=active, 0=inactive'
) ENGINE=InnoDB DEFAULT CHARSET=utf8;

--
-- Dumping data for table `groups`
--

INSERT INTO `groups` (`id`, `name`, `description`, `active`) VALUES
(1, 'admin', 'Administrator', 1),
(2, 'Director', 'This is Director', 1),
(3, 'Sales Manager', 'This is the Sales Manager', 1),
(4, 'Sales Leader', 'This is the Sales Leader', 1),
(5, 'Sales Rep', 'This is the Sales Rep ', 1);

-- --------------------------------------------------------

--
-- Table structure for table `hierarchy`
--

CREATE TABLE `hierarchy` (
  `id` int(11) NOT NULL,
  `organization_id` int(11) NOT NULL,
  `role_id` int(11) NOT NULL,
  `applicable_status` tinyint(1) NOT NULL COMMENT '1=applicable, 0=not applicable'
) ENGINE=InnoDB DEFAULT CHARSET=latin1;

--
-- Dumping data for table `hierarchy`
--

INSERT INTO `hierarchy` (`id`, `organization_id`, `role_id`, `applicable_status`) VALUES
(113, 4, 2, 1),
(114, 4, 3, 1),
(115, 4, 4, 1),
(116, 4, 5, 1),
(117, 12, 2, 1),
(118, 12, 3, 1),
(119, 12, 4, 1),
(120, 12, 5, 1),
(129, 15, 2, 1),
(130, 15, 3, 1),
(131, 15, 4, 1),
(132, 15, 5, 1),
(141, 17, 2, 1),
(142, 17, 3, 1),
(143, 17, 4, 1),
(144, 17, 5, 1);

-- --------------------------------------------------------

--
-- Table structure for table `hierarchy_role_order`
--

CREATE TABLE `hierarchy_role_order` (
  `id` bigint(11) NOT NULL,
  `organization_id` int(11) NOT NULL,
  `role_id` int(11) NOT NULL,
  `parent_id` int(11) NOT NULL
) ENGINE=InnoDB DEFAULT CHARSET=latin1;

--
-- Dumping data for table `hierarchy_role_order`
--

INSERT INTO `hierarchy_role_order` (`id`, `organization_id`, `role_id`, `parent_id`) VALUES
(164, 4, 2, 0),
(165, 4, 3, 164),
(166, 4, 4, 165),
(167, 4, 5, 166),
(168, 12, 2, 0),
(169, 12, 3, 168),
(170, 12, 4, 169),
(171, 12, 5, 170),
(180, 15, 2, 0),
(181, 15, 3, 180),
(182, 15, 4, 181),
(183, 15, 5, 182),
(200, 17, 2, 0),
(201, 17, 3, 200),
(202, 17, 4, 201),
(203, 17, 5, 202);

-- --------------------------------------------------------

--
-- Table structure for table `login_attempts`
--

CREATE TABLE `login_attempts` (
  `id` int(11) UNSIGNED NOT NULL,
  `ip_address` varchar(15) NOT NULL,
  `login` varchar(100) NOT NULL,
  `time` int(11) UNSIGNED DEFAULT NULL
) ENGINE=InnoDB DEFAULT CHARSET=utf8;

-- --------------------------------------------------------

--
-- Table structure for table `notifications`
--

CREATE TABLE `notifications` (
  `id` bigint(20) NOT NULL,
  `user_id` bigint(20) NOT NULL COMMENT '(reciever_id)',
  `sender_id` bigint(20) DEFAULT NULL COMMENT '(sent from)',
  `noti_type` varchar(150) DEFAULT NULL,
  `message` text NOT NULL,
  `read_status` enum('YES','NO') NOT NULL DEFAULT 'NO',
  `params` text,
  `sent_time` datetime NOT NULL
) ENGINE=InnoDB DEFAULT CHARSET=latin1;

-- --------------------------------------------------------

--
-- Table structure for table `organization`
--

CREATE TABLE `organization` (
  `id` int(11) NOT NULL,
  `name` varchar(100) NOT NULL,
  `email` varchar(100) NOT NULL,
  `contact_no` varchar(100) NOT NULL,
  `active` tinyint(1) NOT NULL DEFAULT '1' COMMENT '1=active, 0=inactive',
  `create_date` datetime NOT NULL
) ENGINE=InnoDB DEFAULT CHARSET=latin1;

--
-- Dumping data for table `organization`
--

INSERT INTO `organization` (`id`, `name`, `email`, `contact_no`, `active`, `create_date`) VALUES
(4, 'Diyafa', 'info@Diyafa.com', '+97111111111', 1, '2017-06-20 04:12:51'),
(12, 'TRIAL LLC', 'info@trial.com', '+971551234567', 1, '2017-07-27 11:47:13'),
(15, 'Virat origination', 'virat.rathore@mailinator.com', '9827459981', 1, '2017-08-09 04:15:13'),
(17, 'Test 2', 'info@test2.com', '+97111111111', 1, '2017-08-29 00:59:48');

-- --------------------------------------------------------

--
-- Table structure for table `questions`
--

CREATE TABLE `questions` (
  `id` bigint(20) NOT NULL,
  `category_id` int(10) NOT NULL,
  `question` varchar(255) NOT NULL,
  `title` varchar(100) NOT NULL,
  `option_type` tinyint(2) NOT NULL COMMENT '1 = option 2= text field',
  `active` tinyint(1) NOT NULL COMMENT '1 = active 0= inactive',
  `create_date` datetime NOT NULL
) ENGINE=InnoDB DEFAULT CHARSET=latin1;

--
-- Dumping data for table `questions`
--

INSERT INTO `questions` (`id`, `category_id`, `question`, `title`, `option_type`, `active`, `create_date`) VALUES
(9, 3, 'C1 Question 1', 'C1 Question title.', 1, 1, '2017-08-16 04:42:09'),
(10, 3, 'C1 Question 2', 'C2 Question title', 1, 1, '2017-08-16 04:42:24'),
(11, 6, 'C5 Question 1', 'C5', 1, 1, '2017-07-03 12:33:05'),
(12, 1, 'C51 Question text?', 'C51', 1, 1, '2017-07-03 12:32:40'),
(13, 9, 'Before communicating, think about what the person needs to know, and how best to convey it', 'How to convey', 1, 1, '2017-07-06 03:30:41'),
(14, 9, 'Use Visuals, diagrams and charts to help express ideas', 'Visuals and Charts', 1, 1, '2017-07-06 03:32:00'),
(15, 9, 'Anticipate and predict possible causes of confusion, and deal with them up front', 'Predict Confusion', 1, 1, '2017-07-06 03:31:10'),
(16, 9, 'Use body language to explain ideas while communicating', 'Body Language', 1, 1, '2017-07-06 02:49:54'),
(17, 9, 'Alter Tone of Voice according to message', 'Tone of Voice', 1, 1, '2017-07-06 02:51:11'),
(18, 10, 'Repeat and clarify my understanding of what the other person is saying', 'Clarify', 1, 1, '2017-07-06 02:53:23'),
(19, 10, 'Ask open ended questions to get people to elaborate on their point', 'Open Questions', 1, 1, '2017-07-06 02:54:50'),
(20, 10, 'Use cues "OK" and "uh-huh" and nod occasionally to encourage the person to speak', 'Cues', 1, 1, '2017-07-06 02:56:32'),
(21, 10, 'Maintain eye contact with the other person', 'Eye contact', 1, 1, '2017-07-06 02:57:58'),
(22, 10, 'Avoid interrupting the other person while speaking', 'Avoid Interruption', 1, 1, '2017-07-06 02:58:48'),
(23, 11, 'How many relevant experience you have ?', 'Your Experience?', 1, 1, '2017-07-13 08:52:38'),
(24, 13, 'What are your strengths?', 'Strengths', 1, 1, '2017-07-14 07:59:21'),
(25, 13, 'What are your weaknesses?', 'weaknesses', 1, 1, '2017-07-14 07:59:41'),
(26, 14, 'What gives you mental satisfaction?', 'mental satisfaction', 1, 1, '2017-07-14 08:00:00'),
(27, 14, 'Are you happy with your work?', 'your work', 1, 1, '2017-07-14 08:00:13'),
(28, 15, 'Can you describe yourself as a benevolent person?', 'benevolent', 1, 1, '2017-07-20 06:39:12'),
(29, 16, 'Q6. Do you show kindness in general?', 'general', 1, 1, '2017-07-14 07:46:06'),
(30, 21, 'test123', 'test123', 1, 1, '2017-07-20 06:07:46'),
(31, 22, 'If the other partys position seems very important to him or her, I may sacrifice my own position', 'Sacrifice', 1, 1, '2017-07-24 04:56:51'),
(32, 22, 'I address problems and concerns directly without blame or judgment', 'Blame', 1, 1, '2017-07-24 04:58:43'),
(33, 22, 'I try to win by convincing the other party of the logic and benefits of my position', 'Logic', 1, 1, '2017-07-24 05:02:30'),
(34, 22, 'I tell the other person my ideas for and ask for his or hers in return', 'Ideas', 1, 1, '2017-07-24 05:05:13'),
(35, 22, 'I try to find a compromise solution', 'Compromise', 1, 1, '2017-07-24 05:04:50'),
(36, 23, 'I try to postpone discussions until I have had some time to think', 'Postpone', 1, 1, '2017-07-24 05:06:17'),
(37, 23, 'I see achievement as more important than relational issues', 'Achievement', 1, 1, '2017-07-24 05:28:42'),
(38, 23, 'I use body language that might be perceived as condescending or arrogant', 'Body Language', 1, 1, '2017-07-24 05:29:25'),
(39, 23, 'Confronting someone about a problem is very uncomfortable for me', 'Confronting', 1, 1, '2017-07-24 05:30:11'),
(40, 23, 'I give up some points in exchange for others', 'Points', 1, 1, '2017-07-24 05:30:42'),
(41, 24, 'I propose a middle ground', 'Middle Ground', 1, 1, '2017-07-24 05:31:24'),
(42, 24, 'I am likely to take a comment back or try to soften it if I realize that it hurt someones feelings', 'Comment Back', 1, 1, '2017-07-24 05:32:13'),
(43, 24, 'I think it is all right to ask for what I want or to explain how I feel', 'Explain', 1, 1, '2017-07-24 05:32:51'),
(44, 24, 'I find conflict stressful and will avoid it any way I can', 'Conflict', 1, 1, '2017-07-24 05:33:32'),
(45, 24, 'I have been described as impatient, controlling, insensitive or emotionally detached.', 'Impatient', 1, 1, '2017-07-24 05:34:48'),
(46, 25, 'What are your strengths?', 'strengths', 1, 1, '2017-07-26 07:52:23'),
(47, 25, 'What are your weaknesses?', 'weaknesses', 1, 1, '2017-07-26 07:53:24'),
(48, 25, 'What gives you mental satisfaction?', 'satisfaction', 1, 1, '2017-07-26 07:54:19'),
(49, 26, 'Are you happy with your work?', 'happy', 1, 1, '2017-07-26 07:55:30'),
(50, 26, 'Can you describe yourself as a benevolent person?', 'benevolent', 1, 1, '2017-07-26 07:56:18'),
(51, 27, 'Ask open ended questions to get people to elaborate on their point', 'elaborate', 1, 1, '2017-07-26 07:57:18'),
(52, 28, 'Maintain eye contact with the other person', 'person', 1, 1, '2017-07-26 07:58:07'),
(53, 28, 'Avoid interrupting the other person while speaking', 'speaking', 1, 1, '2017-07-26 07:59:03'),
(54, 28, 'test', 'test', 1, 1, '2017-07-27 02:46:02'),
(55, 29, 'Are you happy with your work?', 'work', 1, 1, '2017-07-27 03:34:49'),
(56, 29, 'Ask open ended questions to get people to elaborate on their point', 'elaborate', 1, 1, '2017-07-27 03:36:49'),
(57, 30, 'Avoid interrupting the other person while speaking', 'speaking', 1, 1, '2017-07-27 03:37:23'),
(58, 30, 'Can you describe yourself as a benevolent person?', 'benevolent', 1, 1, '2017-07-27 03:38:15'),
(59, 31, 'Maintain eye contact with the other person', 'person', 1, 1, '2017-07-27 03:39:04'),
(60, 31, 'I find conflict stressful and will avoid it any way I can', 'stressful', 1, 1, '2017-07-27 03:40:14'),
(61, 32, 'The right answer to tricky questions', 'questions', 1, 1, '2017-07-27 03:42:02'),
(62, 32, 'Learning about your personality type', 'personality', 1, 1, '2017-07-27 03:43:11'),
(63, 33, 'Creates and communicates a clear vision for our organization', 'Vision', 1, 1, '2017-08-16 05:06:37'),
(64, 33, 'Effectively involves people in decision-making', 'Involve in Decision', 1, 1, '2017-08-16 05:07:44'),
(65, 33, 'Inspires people to commit to achieving the vision', 'Inspire', 1, 1, '2017-08-16 05:09:00'),
(66, 33, 'Develops an effective strategy to achieve the vision', 'Strategy', 1, 1, '2017-08-16 05:10:05'),
(67, 33, 'Clearly identifies priorities', 'Priorities', 1, 1, '2017-08-16 05:10:49'),
(68, 34, 'Asks people what they need to do their work better', 'People\'s Need', 1, 1, '2017-08-16 06:20:58'),
(69, 34, 'Ensures that people receive the training they need to succeed', 'Training', 1, 1, '2017-08-17 00:24:32'),
(70, 34, 'Provides effective coaching', 'Coaching', 1, 1, '2017-08-17 00:25:11'),
(71, 34, 'Provides developmental feedback in a timely manner', 'Feedback', 1, 1, '2017-08-17 00:26:31'),
(72, 34, 'Provides effective recognition for others\' achievements', 'Recognition', 1, 1, '2017-08-17 00:27:28'),
(73, 35, 'Creates and communicates a clear vision for our organization', 'Vision', 1, 1, '2017-08-29 00:49:42'),
(74, 35, 'Effectively involves people in decision-making', 'Involve in Decision', 1, 1, '2017-08-29 00:50:52'),
(75, 35, 'Inspires people to commit to achieving the vision', 'Inspire', 1, 1, '2017-08-29 00:51:58'),
(76, 35, 'Develops an effective strategy to achieve the vision', 'Strategy', 1, 1, '2017-08-29 00:53:17'),
(77, 35, 'Clearly identifies priorities', 'Priorities', 1, 1, '2017-08-29 00:54:00'),
(78, 37, 'Asks people what they need to do their work better', 'People\'s Need', 1, 1, '2017-08-29 00:55:48'),
(79, 37, 'Ensures that people receive the training they need to succeed', 'Training', 1, 1, '2017-08-29 00:56:40'),
(80, 37, 'Provides effective coaching', 'Coaching', 1, 1, '2017-08-29 00:57:36'),
(81, 37, 'Provides developmental feedback in a timely manner', 'Feedback', 1, 1, '2017-08-29 00:58:18'),
(82, 37, 'Provides effective recognition for others\' achievements', 'Recognition', 1, 1, '2017-08-29 00:58:53');

-- --------------------------------------------------------

--
-- Table structure for table `questions_option`
--

CREATE TABLE `questions_option` (
  `id` bigint(20) NOT NULL,
  `question_id` bigint(15) NOT NULL,
  `label_option` varchar(255) NOT NULL,
  `point` decimal(6,1) NOT NULL
) ENGINE=InnoDB DEFAULT CHARSET=latin1;

--
-- Dumping data for table `questions_option`
--

INSERT INTO `questions_option` (`id`, `question_id`, `label_option`, `point`) VALUES
(3, 9, 'Opt 1', '1.5'),
(4, 9, 'Opt 2', '2.5'),
(5, 9, 'Opt 3', '4.5'),
(6, 10, 'Rate 1', '1.0'),
(7, 10, 'Rate 2', '2.0'),
(8, 10, 'Rate 3', '3.0'),
(9, 11, 'Rate 1', '1.0'),
(10, 11, 'Rate 2', '2.0'),
(11, 11, 'Rate 3', '3.0'),
(12, 12, 'opt1', '2.0'),
(13, 12, 'opt2', '1.0'),
(14, 12, 'opt3', '6.0'),
(15, 13, 'Highly Dissatisfied', '1.0'),
(16, 13, 'Dissatisfied', '2.0'),
(17, 13, 'Neither Satisfied, Neither Dissatisfied', '3.0'),
(18, 13, 'Satisfied', '4.0'),
(19, 13, 'Highly Satisfied', '5.0'),
(20, 14, 'Highly Dissatisfied', '1.0'),
(21, 14, 'Dissatisfied', '2.0'),
(22, 14, 'Neither Satisfied, Neither Dissatisfied', '3.0'),
(23, 14, 'Satisfied', '4.0'),
(24, 14, 'Highly Satisfied', '5.0'),
(25, 15, 'Highly Dissatisfied', '1.0'),
(26, 15, 'Dissatisfied', '2.0'),
(27, 15, 'Neither Satisfied, Neither Dissatisfied', '3.0'),
(28, 15, 'Satisfied', '4.0'),
(29, 15, 'Highly Satisfied', '5.0'),
(30, 16, 'Highly Dissatisfied', '1.0'),
(31, 16, 'Dissatisfied', '2.0'),
(32, 16, 'Neither Satisfied, Neither Dissatisfied', '3.0'),
(33, 16, 'Satisfied', '4.0'),
(34, 16, 'Highly Satisfied', '5.0'),
(35, 17, 'Highly Dissatisfied', '1.0'),
(36, 17, 'Dissatisfied', '2.0'),
(37, 17, 'Neither Satisfied, Neither Dissatisfied', '3.0'),
(38, 17, 'Satisfied', '4.0'),
(39, 17, 'Highly Satisfied', '5.0'),
(40, 18, 'Highly Dissatisfied', '1.0'),
(41, 18, 'Dissatisfied', '2.0'),
(42, 18, 'Neither Satisfied, Neither Dissatisfied', '3.0'),
(43, 18, 'Satisfied', '4.0'),
(44, 18, 'Highly Satisfied', '5.0'),
(45, 19, 'Highly Dissatisfied', '1.0'),
(46, 19, 'Dissatisfied', '2.0'),
(47, 19, 'Neither Satisfied, Neither Dissatisfied', '3.0'),
(48, 19, 'Satisfied', '4.0'),
(49, 19, 'Highly Satisfied', '5.0'),
(50, 20, 'Highly Dissatisfied', '1.0'),
(51, 20, 'Dissatisfied', '2.0'),
(52, 20, 'Neither Satisfied, Neither Dissatisfied', '3.0'),
(53, 20, 'Satisfied', '4.0'),
(54, 20, 'Highly Satisfied', '5.0'),
(55, 21, 'Highly Dissatisfied', '1.0'),
(56, 21, 'Dissatisfied', '2.0'),
(57, 21, 'Neither Satisfied, Neither Dissatisfied', '3.0'),
(58, 21, 'Satisfied', '4.0'),
(59, 21, 'Highly Satisfied', '5.0'),
(60, 22, 'Highly Dissatisfied', '1.0'),
(61, 22, 'Dissatisfied', '2.0'),
(62, 22, 'Neither Satisfied, Neither Dissatisfied', '3.0'),
(63, 22, 'Satisfied', '4.0'),
(64, 22, 'Highly Satisfied', '5.0'),
(65, 23, 'Trainee', '1.0'),
(66, 23, '6 Month', '2.0'),
(67, 23, '1 Year', '3.0'),
(68, 23, '2 Year', '4.0'),
(69, 24, '10%', '1.0'),
(70, 24, '50%', '1.0'),
(71, 24, '80%', '1.0'),
(72, 24, '40%', '1.0'),
(73, 25, '10%', '1.0'),
(74, 25, '40%', '1.5'),
(75, 25, '50%', '2.0'),
(76, 25, '80%', '2.5'),
(77, 26, '10%', '1.0'),
(78, 26, '40%', '1.0'),
(79, 26, '50%', '1.0'),
(80, 26, '80%', '1.0'),
(81, 27, '10%', '1.0'),
(82, 27, '40%', '1.5'),
(83, 27, '50%', '2.0'),
(84, 27, '80%', '2.5'),
(85, 28, '10%', '1.0'),
(86, 28, '40%', '1.0'),
(87, 28, '50%', '1.0'),
(88, 28, '80%', '1.0'),
(89, 29, '10%', '1.0'),
(90, 29, '40%', '1.5'),
(91, 29, '50%', '2.0'),
(92, 29, '80%', '2.5'),
(93, 30, '123', '1.0'),
(94, 28, '90%', '1.0'),
(95, 31, 'Never', '1.0'),
(96, 31, 'Rarely', '2.0'),
(97, 31, 'Occasionally', '3.0'),
(98, 31, 'Frequently', '4.0'),
(99, 31, 'Always', '5.0'),
(100, 32, 'Never', '1.0'),
(101, 32, 'Rarely', '2.0'),
(102, 32, 'Occasionally', '3.0'),
(103, 32, 'Frequently', '4.0'),
(104, 32, 'Always', '5.0'),
(105, 33, 'Never', '1.0'),
(106, 33, 'Rarely', '2.0'),
(107, 33, 'Occasionally', '3.0'),
(108, 33, 'Frequently', '4.0'),
(109, 33, 'Always', '5.0'),
(110, 34, 'Never', '1.0'),
(111, 34, 'Rarely', '2.0'),
(112, 34, 'Occasionally', '3.0'),
(113, 34, 'Frequently', '4.0'),
(114, 34, 'Always', '5.0'),
(115, 35, 'Never', '1.0'),
(116, 35, 'Rarely', '2.0'),
(117, 35, 'Occasionally', '3.0'),
(118, 35, 'Frequently', '4.0'),
(119, 35, 'Always', '5.0'),
(120, 36, 'Never', '1.0'),
(121, 36, 'Rarely', '2.0'),
(122, 36, 'Occasionally', '3.0'),
(123, 36, 'Frequently', '4.0'),
(124, 36, 'Always', '5.0'),
(125, 37, 'Never', '1.0'),
(126, 37, 'Rarely', '2.0'),
(127, 37, 'Occasionally', '3.0'),
(128, 37, 'Frequently', '4.0'),
(129, 37, 'Always', '5.0'),
(130, 38, 'Never', '1.0'),
(131, 38, 'Rarely', '2.0'),
(132, 38, 'Occasionally', '3.0'),
(133, 38, 'Frequently', '4.0'),
(134, 38, 'Always', '5.0'),
(135, 39, 'Never', '1.0'),
(136, 39, 'Rarely', '2.0'),
(137, 39, 'Occasionally', '3.0'),
(138, 39, 'Frequently', '4.0'),
(139, 39, 'Always', '5.0'),
(140, 40, 'Never', '1.0'),
(141, 40, 'Rarely', '2.0'),
(142, 40, 'Occasionally', '3.0'),
(143, 40, 'Frequently', '4.0'),
(144, 40, 'Always', '5.0'),
(145, 41, 'Never', '1.0'),
(146, 41, 'Rarely', '2.0'),
(147, 41, 'Occasionally', '3.0'),
(148, 41, 'Frequently', '4.0'),
(149, 41, 'Always', '5.0'),
(150, 42, 'Never', '1.0'),
(151, 42, 'Rarely', '2.0'),
(152, 42, 'Occasionally', '3.0'),
(153, 42, 'Frequently', '4.0'),
(154, 42, 'Always', '5.0'),
(155, 43, 'Never', '1.0'),
(156, 43, 'Rarely', '2.0'),
(157, 43, 'Occasionally', '3.0'),
(158, 43, 'Frequently', '4.0'),
(159, 43, 'Always', '5.0'),
(160, 44, 'Never', '1.0'),
(161, 44, 'Rarely', '2.0'),
(162, 44, 'Occasionally', '3.0'),
(163, 44, 'Frequently', '4.0'),
(164, 44, 'Always', '5.0'),
(165, 45, 'Never', '1.0'),
(166, 45, 'Rarely', '2.0'),
(167, 45, 'Occasionally', '3.0'),
(168, 45, 'Frequently', '4.0'),
(169, 45, 'Always', '5.0'),
(170, 46, '10%', '1.0'),
(171, 46, '20%', '1.5'),
(172, 46, '30%', '2.0'),
(173, 46, '40%', '2.5'),
(174, 47, '10%', '1.0'),
(175, 47, '20%', '2.0'),
(176, 47, '50%', '3.0'),
(177, 47, '80%', '5.0'),
(178, 48, '10%', '1.0'),
(179, 48, '20%', '2.0'),
(180, 48, '30%', '3.0'),
(181, 48, '80%', '4.0'),
(182, 49, '10%', '1.0'),
(183, 49, '20%', '2.0'),
(184, 49, '50%', '3.0'),
(185, 49, '80%', '4.0'),
(186, 50, '10', '1.0'),
(187, 50, '20', '2.0'),
(188, 50, '30', '3.0'),
(189, 50, '80', '5.0'),
(190, 51, '10%', '1.0'),
(191, 51, '50%', '2.0'),
(192, 51, '80%', '3.0'),
(193, 51, '90%', '4.0'),
(194, 52, '10%', '1.0'),
(195, 52, '20%', '2.0'),
(196, 52, '50%', '3.0'),
(197, 52, '80%', '4.0'),
(198, 53, '10%', '1.0'),
(199, 53, '20%', '1.5'),
(200, 53, '50%', '2.0'),
(201, 53, '80%', '2.5'),
(202, 54, 'test', '1.0'),
(203, 55, '10%', '1.0'),
(204, 55, '30%', '2.0'),
(205, 55, '50%', '3.0'),
(206, 55, '80%', '4.0'),
(207, 56, '10%', '1.0'),
(208, 56, '20%', '1.5'),
(209, 56, '30%', '2.0'),
(210, 56, '40%', '2.5'),
(211, 57, '10%', '1.0'),
(212, 57, '20%', '1.0'),
(213, 57, '30%', '1.0'),
(214, 57, '40%', '1.0'),
(215, 58, '10%', '1.0'),
(216, 58, '20%', '1.5'),
(217, 58, '80%', '2.0'),
(218, 58, '90%', '3.5'),
(219, 59, '10%', '1.0'),
(220, 59, '20%', '1.5'),
(221, 59, '50%', '2.0'),
(222, 59, '80%', '2.5'),
(223, 60, '10%', '1.0'),
(224, 60, '30%', '2.0'),
(225, 60, '50%', '3.0'),
(226, 60, '80%', '4.0'),
(227, 61, '10%', '1.0'),
(228, 61, '20%', '2.0'),
(229, 61, '30%', '3.0'),
(230, 61, '40%', '4.0'),
(231, 62, '10%', '1.5'),
(232, 62, '20%', '2.5'),
(233, 62, '50%', '3.5'),
(234, 62, '80%', '4.5'),
(235, 63, 'Highly Dissatisfied', '1.0'),
(236, 63, 'Dissatisfied', '2.0'),
(237, 63, 'Neither Satisfied, Neither Dissatisfied', '3.0'),
(238, 63, 'Satisfied', '4.0'),
(239, 63, 'Highly Satisfied', '5.0'),
(240, 64, 'Highly Dissatisfied', '1.0'),
(241, 64, 'Dissatisfied', '2.0'),
(242, 64, 'Neither Satisfied, Neither Dissatisfied', '3.0'),
(243, 64, 'Satisfied', '4.0'),
(244, 64, 'Highly Satisfied', '5.0'),
(245, 65, 'Highly Dissatisfied', '1.0'),
(246, 65, 'Dissatisfied', '2.0'),
(247, 65, 'Neither Satisfied, Neither Dissatisfied', '3.0'),
(248, 65, 'Satisfied', '4.0'),
(249, 65, 'Highly Satisfied', '5.0'),
(250, 66, 'Highly Dissatisfied', '1.0'),
(251, 66, 'Dissatisfied', '2.0'),
(252, 66, 'Neither Satisfied, Neither Dissatisfied', '3.0'),
(253, 66, 'Satisfied', '4.0'),
(254, 66, 'Highly Satisfied', '5.0'),
(255, 67, 'Highly Dissatisfied', '1.0'),
(256, 67, 'Dissatisfied', '2.0'),
(257, 67, 'Neither Satisfied, Neither Dissatisfied', '3.0'),
(258, 67, 'Satisfied', '4.0'),
(259, 67, 'Highly Satisfied', '5.0'),
(260, 68, 'Highly Dissatisfied', '1.0'),
(261, 68, 'Dissatisfied', '2.0'),
(262, 68, 'Neither Satisfied, Neither Dissatisfied', '3.0'),
(263, 68, 'Satisfied', '4.0'),
(264, 68, 'Highly Satisfied', '5.0'),
(265, 69, 'Highly Dissatisfied', '1.0'),
(266, 69, 'Dissatisfied', '2.0'),
(267, 69, 'Neither Satisfied, Neither Dissatisfied', '3.0'),
(268, 69, 'Satisfied', '4.0'),
(269, 69, 'Highly Satisfied', '5.0'),
(270, 70, 'Highly Dissatisfied', '1.0'),
(271, 70, 'Dissatisfied', '2.0'),
(272, 70, 'Neither Satisfied, Neither Dissatisfied', '3.0'),
(273, 70, 'Satisfied', '4.0'),
(274, 70, 'Highly Satisfied', '5.0'),
(275, 71, 'Highly Dissatisfied', '1.0'),
(276, 71, 'Dissatisfied', '2.0'),
(277, 71, 'Neither Satisfied, Neither Dissatisfied', '3.0'),
(278, 71, 'Satisfied', '4.0'),
(279, 71, 'Highly Satisfied', '5.0'),
(280, 72, 'Highly Dissatisfied', '1.0'),
(281, 72, 'Dissatisfied', '2.0'),
(282, 72, 'Neither Satisfied, Neither Dissatisfied', '3.0'),
(283, 72, 'Satisfied', '4.0'),
(284, 72, 'Highly Satisfied', '5.0'),
(285, 73, 'Highly Dissatisfied', '1.0'),
(286, 73, 'Dissatisfied', '2.0'),
(287, 73, 'Neither Satisfied, Neither Dissatisfied', '3.0'),
(288, 73, 'Satisfied', '4.0'),
(289, 73, 'Highly Satisfied', '5.0'),
(290, 74, 'Highly Dissatisfied', '1.0'),
(291, 74, 'Dissatisfied', '2.0'),
(292, 74, 'Neither Satisfied, Neither Dissatisfied', '3.0'),
(293, 74, 'Satisfied', '4.0'),
(294, 74, 'Highly Satisfied', '5.0'),
(295, 75, 'Highly Dissatisfied', '1.0'),
(296, 75, 'Dissatisfied', '2.0'),
(297, 75, 'Neither Satisfied, Neither Dissatisfied', '3.0'),
(298, 75, 'Satisfied', '4.0'),
(299, 75, 'Highly Satisfied', '5.0'),
(300, 76, 'Highly Dissatisfied', '1.0'),
(301, 76, 'Dissatisfied', '2.0'),
(302, 76, 'Neither Satisfied, Neither Dissatisfied', '3.0'),
(303, 76, 'Satisfied', '4.0'),
(304, 76, 'Highly Satisfied', '5.0'),
(305, 77, 'Highly Dissatisfied', '1.0'),
(306, 77, 'Dissatisfied', '2.0'),
(307, 77, 'Neither Satisfied, Neither Dissatisfied', '3.0'),
(308, 77, 'Satisfied', '4.0'),
(309, 77, 'Highly Satisfied', '5.0'),
(310, 78, 'Highly Dissatisfied', '1.0'),
(311, 78, 'Dissatisfied', '2.0'),
(312, 78, 'Neither Satisfied, Neither Dissatisfied', '3.0'),
(313, 78, 'Satisfied', '4.0'),
(314, 78, 'Highly Satisfied', '5.0'),
(315, 79, 'Highly Dissatisfied', '1.0'),
(316, 79, 'Dissatisfied', '2.0'),
(317, 79, 'Neither Satisfied, Neither Dissatisfied', '3.0'),
(318, 79, 'Satisfied', '4.0'),
(319, 79, 'Highly Satisfied', '5.0'),
(320, 80, 'Highly Dissatisfied', '1.0'),
(321, 80, 'Dissatisfied', '2.0'),
(322, 80, 'Neither Satisfied, Neither Dissatisfied', '3.0'),
(323, 80, 'Satisfied', '4.0'),
(324, 80, 'Highly Satisfied', '5.0'),
(325, 81, 'Highly Dissatisfied', '1.0'),
(326, 81, 'Dissatisfied', '2.0'),
(327, 81, 'Neither Satisfied, Neither Dissatisfied', '3.0'),
(328, 81, 'Satisfied', '4.0'),
(329, 81, 'Highly Satisfied', '5.0'),
(330, 82, 'Highly Dissatisfied', '1.0'),
(331, 82, 'Dissatisfied', '2.0'),
(332, 82, 'Neither Satisfied, Neither Dissatisfied', '3.0'),
(333, 82, 'Satisfied', '4.0'),
(334, 82, 'Highly Satisfied', '5.0');

-- --------------------------------------------------------

--
-- Table structure for table `setting`
--

CREATE TABLE `setting` (
  `id` int(11) NOT NULL,
  `option_name` varchar(100) NOT NULL,
  `option_value` varchar(100) NOT NULL,
  `status` tinyint(2) NOT NULL DEFAULT '1' COMMENT '1 for on 0 for off'
) ENGINE=InnoDB DEFAULT CHARSET=latin1;

--
-- Dumping data for table `setting`
--

INSERT INTO `setting` (`id`, `option_name`, `option_value`, `status`) VALUES
(3, 'admin_email', 'pawan.mobiwebtech@gmail.com', 1),
(4, 'site_name', 'SalesCoach', 1),
(5, 'date_foramte', 'd F Y h:i:s A', 1),
(6, 'site_meta_title', 'Self Assessment', 1),
(7, 'site_meta_description', 'Self Assessment', 1),
(9, 'site_logo', 'uploads/app/1504177975_self-assessment.png', 1),
(10, 'google_captcha', '', 1),
(11, 'data_sitekey', '', 1),
(12, 'secret_key', '', 1);

-- --------------------------------------------------------

--
-- Table structure for table `users`
--

CREATE TABLE `users` (
  `id` int(11) UNSIGNED NOT NULL,
  `ip_address` varchar(45) NOT NULL,
  `username` varchar(100) DEFAULT NULL,
  `password` varchar(255) NOT NULL,
  `salt` varchar(255) DEFAULT NULL,
  `email` varchar(100) NOT NULL,
  `activation_code` varchar(40) DEFAULT NULL,
  `forgotten_password_code` varchar(40) DEFAULT NULL,
  `forgotten_password_time` int(11) UNSIGNED DEFAULT NULL,
  `remember_code` varchar(40) DEFAULT NULL,
  `created_on` int(11) UNSIGNED NOT NULL,
  `city` int(11) DEFAULT NULL,
  `state` int(11) DEFAULT NULL,
  `country` int(11) DEFAULT NULL,
  `street` varchar(100) DEFAULT NULL,
  `update_on` datetime DEFAULT NULL,
  `last_login` int(11) UNSIGNED DEFAULT NULL,
  `active` tinyint(1) UNSIGNED DEFAULT NULL COMMENT '1 =active 0= inactive',
  `first_name` varchar(50) DEFAULT NULL,
  `last_name` varchar(50) DEFAULT NULL,
  `company` varchar(100) DEFAULT NULL,
  `phone` varchar(20) DEFAULT NULL,
  `gender` varchar(50) NOT NULL,
  `date_of_birth` date NOT NULL,
  `signup_type` int(2) NOT NULL DEFAULT '1' COMMENT '1=web2=fb',
  `fb_id` varchar(20) DEFAULT NULL,
  `email_verify` tinyint(2) NOT NULL DEFAULT '0' COMMENT '0 for unverified 1 for verified',
  `profile_pic` varchar(255) DEFAULT NULL,
  `user_image_thumb` varchar(255) DEFAULT NULL COMMENT '250*250',
  `is_logged_out` tinyint(2) NOT NULL DEFAULT '0' COMMENT '''0 = No, 1= Yes''',
  `is_blocked` tinyint(2) NOT NULL DEFAULT '0' COMMENT '''0 = no, 1 = yes''',
  `device_id` varchar(255) DEFAULT NULL COMMENT 'Device Unique ID',
  `device_type` enum('ANDROID','IOS','WEB') NOT NULL DEFAULT 'WEB' COMMENT 'Used to send push notifications',
  `device_token` text,
  `user_token` varchar(255) DEFAULT NULL,
  `badges` int(10) NOT NULL DEFAULT '0',
  `social_type` enum('FACEBOOK','GOOGLE','TWITTER','INSTAGRAM') DEFAULT NULL,
  `social_id` varchar(250) DEFAULT NULL,
  `is_social_signup` tinyint(2) NOT NULL DEFAULT '0' COMMENT '0 = NO, 1 = YES',
  `login_session_key` varchar(255) DEFAULT NULL,
  `is_pass_token` varchar(255) DEFAULT NULL
) ENGINE=InnoDB DEFAULT CHARSET=utf8;

--
-- Dumping data for table `users`
--

INSERT INTO `users` (`id`, `ip_address`, `username`, `password`, `salt`, `email`, `activation_code`, `forgotten_password_code`, `forgotten_password_time`, `remember_code`, `created_on`, `city`, `state`, `country`, `street`, `update_on`, `last_login`, `active`, `first_name`, `last_name`, `company`, `phone`, `gender`, `date_of_birth`, `signup_type`, `fb_id`, `email_verify`, `profile_pic`, `user_image_thumb`, `is_logged_out`, `is_blocked`, `device_id`, `device_type`, `device_token`, `user_token`, `badges`, `social_type`, `social_id`, `is_social_signup`, `login_session_key`, `is_pass_token`) VALUES
(1, '127.0.0.1', 'administrator', '$2y$08$HahiJzxzWz4VgVfFsJpfZOz1g3vyV8UdQuEmg.MXImUO.kA7/fK5y', '', 'admin@assessment.com', '', 'kiTuQMWjJvfCk5LWBZ7RB.c4017e6155a8fddc89', 1501839749, 'xB5SskYO2D/biy6Mr9lcfO', 1268889823, 0, 0, 0, '', '0000-00-00 00:00:00', 1504504866, 1, 'Admin', 'Admin', 'Admin', '0', 'MALE', '1998-10-26', 0, '', 0, 'uploads/users/1496412531_FantasyGolf202_(1).png', '', 0, 0, '', 'WEB', '', '', 0, NULL, '', 0, '', ''),
(61, '217.165.113.147', 'rani', '$2y$08$gdWCXgqc52p3BFkKVD2cfOFgngw6XhsNZN3NKfEzzVOKDyUOZuOki', 'bMCssndg1cGZHA6siegfXu', 'rani@diayafa.com', NULL, NULL, NULL, NULL, 1497953677, NULL, NULL, NULL, NULL, NULL, 1501493149, 1, 'Rani', 'Maalouf', NULL, '0097111111', 'MALE', '1950-06-13', 1, NULL, 1, '', NULL, 0, 0, '3433355444', 'IOS', 'rttrtrr65656565', NULL, 0, NULL, NULL, 0, 'e2fcc4ee-438a-cd19-6f11-8227a5dcd3a8', '123456'),
(62, '183.182.87.242', 'manish.mobiwebtech', '$2y$08$4DMQqdeS1q8sIRwJGVs9L.sk.99nZzxjfvkXMM2HNDtJT.I91QY8y', '', 'manish.mobiwebtech@gmail.com', NULL, 'ysqp1Ap84lqr1sWtFQmAc.b14336f4b81ee69fac', 1500104017, NULL, 1497955029, NULL, NULL, NULL, NULL, NULL, 1501503580, 1, 'James', 'Marker', NULL, '3698521478', 'MALE', '1991-03-13', 1, NULL, 1, 'uploads/users/img5.png', 'uploads/users/img5.png', 0, 0, '3433355444', 'IOS', 'rttrtrr65656565', 'eNortjIxslLKTczLLM7Qy81PyixPTSpJTc5wSM9NzMzRS87P1TUz0jU0sbQwMTc1MzRXsgZcMK92D5E.', 0, NULL, NULL, 0, '33bef3b9-66a6-7a04-a40f-d0a5c2ed2ca5', '12345678abc'),
(63, '183.182.87.242', 'suhail.mobiwebtech', '$2y$08$uyHN1EsZa0RpkWvd2WqOjuE.Pywp07.RXJo5AWqt7mn3eJtZmqJKi', 'xJW1b2KKJXyPrYAjfiN4q.', 'suhail.mobiwebtech@gmail.com', NULL, NULL, NULL, NULL, 1497955089, NULL, NULL, NULL, NULL, NULL, 1503673122, 1, 'Suhail', 'KHAN', NULL, '9758456212', 'MALE', '1990-06-05', 1, NULL, 1, 'uploads/users/name6.png', 'uploads/users/name6_thumb.png', 1, 0, '', 'ANDROID', '', 'eNortjIxslIqLs1IzMzRy81PyixPTSpJTc5wSM8FiSTn5-qaGesamhoYGJgYGZiZKVkDXDCvxQ98', 0, NULL, NULL, 0, '3e995b4a-8759-0b6d-5075-a3a8cd1ccd52', '123456'),
(65, '183.182.87.242', 'chris.mobiwebtech', '$2y$08$nS6pOk4C9R711SFqIl.hOO7QgZR0Th/FdQs8/r2iq6Qtcruo0Zffq', 'KE8EUGcDKLbaHTP0vl.hXu', 'chris.mobiwebtech@gmail.com', NULL, NULL, NULL, NULL, 1498201043, NULL, NULL, NULL, NULL, NULL, 1502364763, 1, 'Chris', 'Anderson', NULL, '9981286964', 'MALE', '2017-04-29', 1, NULL, 1, 'uploads/users/img27.png', 'uploads/users/img27_thumb.png', 1, 0, '', 'ANDROID', '', NULL, 0, NULL, NULL, 0, 'a2cf9015-e877-5e99-a182-f664ea723594', 'C123456'),
(66, '183.182.87.242', 'tarun', '$2y$08$Bsy2wvvEEsDCwq3/B8vJ8evUGYYLmodnYwiUJIW4tt2AkDSamDnuO', 'fLi9.mW8z4WrteriFAyWQu', 'tarun@mobiwebtech.com', NULL, NULL, NULL, NULL, 1498201103, NULL, NULL, NULL, NULL, NULL, 1503930168, 1, 'Tarun', 'Goud', NULL, '9981286964', 'MALE', '1969-12-31', 1, NULL, 1, '', NULL, 1, 0, '', 'ANDROID', '', 'eNortjI2tVIqSSwqzXPIzU_KLE9NKklNztBLzs_VNTPTNTSxtDAyMjYwM1ayBlwwOjAM-w..', 0, NULL, NULL, 0, 'c4cb7dfe-18f4-c889-e984-3edfee49978c', 'abcd12345'),
(67, '183.182.87.242', 'Aaksh', '$2y$08$CPg5oxoYB11XmVr9Sdr6rOwYkcjiFEAMhZguVGr.j22wcFFVSSvvW', 'j/6WHZnDcKbxZltTULgxYe', 'aaksh@mobiwebtech.com', NULL, NULL, NULL, NULL, 1498201864, NULL, NULL, NULL, NULL, NULL, 1503930990, 1, 'Akash', 'Bhatnagar', NULL, '9981286964', 'MALE', '1969-12-31', 1, NULL, 1, '', NULL, 1, 0, '', 'ANDROID', '', NULL, 0, NULL, NULL, 0, '7c9d1731-eed2-c281-1c73-41971c53dcff', 'A123456'),
(68, '183.182.87.242', 'dashrath', '$2y$08$NI7SQscrxKdFomr6jL/JwOwfnK/YqfQZyZWGfwZodbQv2HfOMjxWS', 'Sm3F7wZ8A1b2kqtGrZwvSu', 'dashrath@mobiwebtech.com', NULL, NULL, NULL, NULL, 1498202081, NULL, NULL, NULL, NULL, NULL, 1501494418, 1, 'Dashrath', 'Rathoree', NULL, '9981286964', 'MALE', '1969-12-31', 1, NULL, 1, '', NULL, 1, 0, '', 'ANDROID', '', NULL, 0, NULL, NULL, 0, '984fd2cd-e055-0bf4-3257-e125c6c0e6a3', '123456'),
(69, '183.182.87.242', 'Manish', '$2y$08$8qnZ/.ygPDabTfi2bngcCeMPbC7doLadMTfPezj82k67x1l5PCRAe', 'bE5ZqxxiXRhqXrhK1lxMzO', 'manish@mobiwebtech.com', NULL, NULL, NULL, NULL, 1498202179, NULL, NULL, NULL, NULL, NULL, NULL, 1, 'Manish', 'Jaiswal', NULL, '9981286964', 'MALE', '1969-12-31', 1, NULL, 1, '', NULL, 0, 0, NULL, 'WEB', NULL, NULL, 0, NULL, NULL, 0, NULL, '123456'),
(71, '183.182.87.242', 'surbhi', '$2y$08$kRMcufQkKoOo9OhoGcpksumMSTfi4UHZERVJ0jmNC2rLpu9.vCYRy', 'USl4wLuRM8oa1H9qHiJcSO', 'surbhi@mobwebtech.com', NULL, NULL, NULL, NULL, 1498205835, NULL, NULL, NULL, NULL, NULL, 1502357887, 1, 'Surbhi', 'Choudhary', NULL, '9981286964', 'FEMALE', '1969-12-31', 1, NULL, 1, '', NULL, 1, 0, '', 'ANDROID', '', NULL, 0, NULL, NULL, 0, '0eec814a-ace4-f2bc-a74b-5ad637ebd07b', 'S123456'),
(72, '183.182.87.242', 'kunal', '$2y$08$gNIhetvepRQit/C85F3vyuHK9CsetRRXUunR3iswroBnBj8bEwVJC', 'QAbwJ7srFFdbyr63F0HOde', 'kunal@mobiwebtech.com', NULL, NULL, NULL, NULL, 1498205892, NULL, NULL, NULL, NULL, NULL, 1502705389, 1, 'Kunal', 'Nigam', NULL, '9981286964', 'MALE', '1969-12-31', 1, NULL, 1, '', NULL, 1, 0, '', 'ANDROID', '', NULL, 0, NULL, NULL, 0, '0d609df8-ef88-68f7-0bca-97fd654d9c99', 'k123456'),
(74, '43.229.224.75', 'rahul.mobiwebtech', '$2y$08$VIWJGaQGx.ZVgNvkrq7l6.sQyUlRbENscZYKTI1EobHrwIDeLMCPG', 'IfXLnBd66TLEMIKYCYmtVO', 'rahul.mobiwebtech@gmail.com', NULL, NULL, NULL, NULL, 1498215384, NULL, NULL, NULL, NULL, NULL, 1499322931, 1, 'Rahul', 'Pareta', NULL, '9826458985', 'MALE', '1989-01-26', 1, NULL, 1, '', NULL, 0, 0, '3433355444', 'IOS', 'rttrtrr65656565', NULL, 0, NULL, NULL, 0, '22d39ae9-3c29-79a5-d14b-e7e7ed183e1d', ''),
(75, '43.229.224.75', 'ranveer.mobiwebtech', '$2y$08$Iprz9Z/Sm5KBhxv80cvb8uBQNhNp8WM0CHY.QR9l61fZOrq1jb9mW', 'jVw1tdxU90Zzf42R0rhdJu', 'ranveer.mobiwebtech@gmail.com', NULL, NULL, NULL, NULL, 1498215434, NULL, NULL, NULL, NULL, NULL, 1503672312, 1, 'Ranveer', 'Saini', NULL, '9632587412', 'MALE', '1990-02-01', 1, NULL, 1, '', NULL, 0, 0, '3433355444', 'IOS', 'rttrtrr65656565', NULL, 0, NULL, NULL, 0, '7658a4df-6f73-3d78-a85a-4c8b9c235687', '123456'),
(76, '43.229.224.75', 'deepak.mobiwebtech', '$2y$08$TUpB61vWYz2nrFkrMXNzV.ho4VGHaKMKUqIyHyKIJUwGy5rL/tXD.', 'dEnMOL0wLTKGjaRimS0Ip.', 'deepak.mobiwebtech@gmail.com', NULL, NULL, NULL, NULL, 1498215495, NULL, NULL, NULL, NULL, NULL, 1503558613, 1, 'Deepak', 'Shrivastava', NULL, '7896541236', 'MALE', '1990-03-24', 1, NULL, 1, '', NULL, 0, 0, '', 'ANDROID', '', NULL, 0, NULL, NULL, 0, 'b6166e1c-6b8d-5519-b539-a9c498c0db2a', 'Suhailk.18'),
(77, '43.229.224.75', 'neha.mobiwebtech', '$2y$08$MJq0pkU99VgJnI5nKlZT9Okt40MLk5RqMtP85AVbmlIB4d3AJuOw2', 'wStyQaBxHWdrH.T.mwRA.u', 'neha.mobiwebtech@gmail.com', NULL, NULL, NULL, NULL, 1498215553, NULL, NULL, NULL, NULL, NULL, 1501497860, 1, 'Neha', 'Chouhan', NULL, '7896541236', 'FEMALE', '1989-03-25', 1, NULL, 1, '', NULL, 1, 0, '', 'ANDROID', '', NULL, 0, NULL, NULL, 0, '77bd9a93-dc4a-fb03-e45a-b8f6bca8264b', '123456'),
(78, '43.229.224.75', 'sumit.mobiwebtech', '$2y$08$pCpMWfTVYUJiDrk3j18kmOs6d1PZ5Ev37fMt5rk2x1fM5qr9ve86.', 'BDJXtgLwK9v0xZ9zDTbNhe', 'sumit.mobiwebtech@gmail.com', NULL, NULL, NULL, NULL, 1498215603, NULL, NULL, NULL, NULL, NULL, 1499150561, 1, 'Sumit', 'Jagdev', NULL, '1478523698', 'MALE', '1990-04-25', 1, NULL, 1, '', NULL, 0, 0, '3433355444', 'IOS', 'rttrtrr65656565', NULL, 0, NULL, NULL, 0, 'be0d09ea-c282-9dfe-3ea1-a79099d7c6f7', ''),
(79, '127.0.0.1', 'pawan.mobiwebtech', '$2y$08$ps7VKtzv6nNxWvxqoHffdO35a/REw2zSHUDAabibYMC.tNAFxEW/e', 'O8eOGZt73k1PWUfYY/09AO', 'pawan.mobiwebtech@gmail.com', NULL, NULL, NULL, NULL, 1498632063, NULL, NULL, NULL, NULL, NULL, 1501493427, 1, 'pawan', 'sen', NULL, '9856200213', 'MALE', '2017-07-26', 1, NULL, 1, 'uploads/users/name28.png', 'uploads/users/name28_thumb.png', 0, 0, '', 'ANDROID', '', 'eNortjIxtFIqSCxPzNPLzU_KLE9NKklNznBIz03MzNFLzs_VNbfUNTQ1MDCwtLAwNlOyBlwwm8APIw..', 0, NULL, NULL, 0, 'b2dbe718-891a-9960-1076-6d79c1918195', '123abc'),
(121, '43.229.224.75', 'suresh.rathore', '$2y$08$a/3vRy1PQUOqmrmTvLGTCOfchRzA/rEGMMS/zsfA2UTn1iNbSR.lu', '4Gh1uIZvB24DI9vpGKGdmO', 'suresh.rathore@mailinator.com', NULL, NULL, NULL, NULL, 1501147350, NULL, NULL, NULL, NULL, NULL, NULL, 1, 'Suresh', 'Rathore', NULL, '9827459981', 'MALE', '1981-10-26', 1, NULL, 1, '', NULL, 0, 0, NULL, 'WEB', NULL, NULL, 0, NULL, NULL, 0, NULL, '123456'),
(124, '43.229.224.75', 'vijay.rathore', '$2y$08$4/XaVFUAuVzYTb7dwE3qQ.opWkvTjbw8Va0jZvc8FA5XmrhQi0QMO', 'z8ilBjUuVkws.1XHSqzMSe', 'vijay.rathore@mailinator.com', NULL, NULL, NULL, NULL, 1501147522, NULL, NULL, NULL, NULL, NULL, NULL, 1, 'Vijay', 'Rathore', NULL, '9827459981', 'MALE', '1983-10-24', 1, NULL, 1, '', NULL, 0, 0, NULL, 'WEB', NULL, NULL, 0, NULL, NULL, 0, NULL, '123456'),
(125, '43.229.224.75', 'dashrathrathore', '$2y$08$GRabQacMUGbXD0RmvoR68uenZ6D1Xa3wPdVQ2X7vZ.32m1Av7H3XW', '09SgCTk2rLZaAMpF2gekOO', 'dashrathrathore@mailinator.com', NULL, NULL, NULL, NULL, 1501147567, NULL, NULL, NULL, NULL, NULL, NULL, 1, 'Dinesh', 'Rathore', NULL, '9827459981', 'MALE', '1984-06-12', 1, NULL, 1, '', NULL, 0, 0, NULL, 'WEB', NULL, NULL, 0, NULL, NULL, 0, NULL, '123456'),
(126, '43.229.224.75', 'ramesh.rathore', '$2y$08$0wq8gQ18OEaZVutOkeFX0uDgcjXngLNmCKSo7SDD/USnxm0KF0c2i', 'TyXx.ogxdtG8K.noUVqvru', 'ramesh.rathore@mailinator.com', NULL, NULL, NULL, NULL, 1501147612, NULL, NULL, NULL, NULL, NULL, NULL, 1, 'Ramesh', 'Rathore', NULL, '9827459981', 'MALE', '1985-07-17', 1, NULL, 1, '', NULL, 0, 0, NULL, 'WEB', NULL, NULL, 0, NULL, NULL, 0, NULL, '123456'),
(127, '43.229.224.75', 'kishan.rathore', '$2y$08$4zfeRcRQZG7vE9Y74TVsTuew3JXNbehpZq8GOw.xugvuEsz833z3a', 'ORGhP0EAWVAmTluxuxhYKu', 'kishan.rathore@mailinator.com', NULL, NULL, NULL, NULL, 1501147665, NULL, NULL, NULL, NULL, NULL, NULL, 1, 'Kishan', 'Rathore', NULL, '9827459981', 'MALE', '1983-06-13', 1, NULL, 1, '', NULL, 0, 0, NULL, 'WEB', NULL, NULL, 0, NULL, NULL, 0, NULL, '123456'),
(128, '43.229.224.75', 'rohit.rathore', '$2y$08$nL1kAZ1Nahr43YylctoyweQlePlFU.ZddmbKy3pD9Y.JVH7oxHQlO', 'pOFgEjwN.WZFRtSuTmKqIu', 'rohit.rathore@mailinator.com', NULL, NULL, NULL, NULL, 1501147710, NULL, NULL, NULL, NULL, NULL, NULL, 1, 'Rohit', 'Rathore', NULL, '9827459981', 'MALE', '1985-07-19', 1, NULL, 1, '', NULL, 0, 0, NULL, 'WEB', NULL, NULL, 0, NULL, NULL, 0, NULL, '123456'),
(129, '43.229.224.75', 'test', '$2y$08$NFMhHtyavCWRBq1xem/QNewddTQxH4K8XKmxmh/Yul.AwCpCVJFQa', '6YGA6UHcKNzwHcEPmOLRwO', 'test@mailinator.com', NULL, NULL, NULL, NULL, 1501150014, NULL, NULL, NULL, NULL, NULL, NULL, 1, 'test', 'test', NULL, '9827459981', 'MALE', '1969-12-31', 1, NULL, 1, '', NULL, 0, 0, NULL, 'WEB', NULL, NULL, 0, NULL, NULL, 0, NULL, '123456'),
(131, '43.229.224.75', 'test123', '$2y$08$Yq0hktUjZniOTQ4JOp6t4.U1s1LUL5KOR.0vyPmXUBtZCp6T5l0fu', 'XSe6zYBq9yD5binY/U.mie', 'test123@gmail.com', NULL, NULL, NULL, NULL, 1501480297, NULL, NULL, NULL, NULL, NULL, NULL, 1, 'test123', 'test123', NULL, '9856969999', 'MALE', '2010-02-09', 1, NULL, 1, '', NULL, 0, 0, NULL, 'WEB', NULL, NULL, 0, NULL, NULL, 0, NULL, 'eKctlDoa'),
(132, '43.229.224.75', 'test', '$2y$08$Jc1t56nPDyfmnVtcU5YdyuRqhcUiE2EsndYN3/gIbL7YSfJwcX1Bq', 'Nv4jUaogNYF2j85o.AgMpe', 'test@gmail.com', NULL, NULL, NULL, NULL, 1501487434, NULL, NULL, NULL, NULL, NULL, NULL, 1, 'test', 'test', NULL, 'test', 'MALE', '0000-00-00', 1, NULL, 1, '', NULL, 0, 0, NULL, 'WEB', NULL, NULL, 0, NULL, NULL, 0, NULL, '0C7AQG8!'),
(134, '43.229.224.75', 'dashrath.ratan', '$2y$08$8uTD0SAP7NjU8THctg/mOuPcnNLk39PEaiUNUD/pE2uTlxKMwIA1y', '8d8DVJ2EKNGes488T1PXqu', 'dashrath.ratan@mailinator.com', NULL, NULL, NULL, NULL, 1501578094, NULL, NULL, NULL, NULL, NULL, NULL, 1, 'Dashrath', 'Ratan', NULL, '9827459981', 'MALE', '2010-02-09', 1, NULL, 1, '', NULL, 0, 0, NULL, 'WEB', NULL, NULL, 0, NULL, NULL, 0, NULL, '123456'),
(135, '43.229.224.75', 'nitin.ratan', '$2y$08$jXHvHSTR/MtZ0H6e87/6netlXi32VkfSzOBM5aQYW07puX92p7pvO', 'YbcEQrl4oGMqgvlXAO8M.O', 'nitin.ratan@mailinator.com', NULL, NULL, NULL, NULL, 1501578186, NULL, NULL, NULL, NULL, NULL, 1501584436, 1, 'Nitin', 'Ratan', NULL, '9827459981', 'MALE', '1983-09-17', 1, NULL, 1, '', NULL, 1, 0, '', 'ANDROID', '', NULL, 0, NULL, NULL, 0, 'cde1355a-9bd1-4b7e-d987-e95bf13b5eb3', '123456'),
(136, '43.229.224.75', 'santosh.ratan', '$2y$08$rWjlIxxnNzoCYu6cEdjbH.4BztEHLbZAhS0SP6nFNHYog9TWYpYta', '8vBfttG1RPd9v296JuuLee', 'santosh.ratan@mailinator.com', NULL, NULL, NULL, NULL, 1501578242, NULL, NULL, NULL, NULL, NULL, 1501580727, 1, 'Santosh', 'Ratan', NULL, '9827459981', 'MALE', '2010-02-02', 1, NULL, 1, '', NULL, 1, 0, '', 'ANDROID', '', NULL, 0, NULL, NULL, 0, '324a50bb-b152-c684-8bd4-bc24630b29e2', '123456'),
(138, '43.229.224.75', 'rahul.ratan', '$2y$08$PgNaY0mUk.rfbsT7jKdf6OPS0JD0ZkFY14PsTqST25n2Nv1RfaT92', 'Ow2kKAz/41CjEbs3drZWce', 'rahul.ratan@mailinator.com', NULL, NULL, NULL, NULL, 1501578345, NULL, NULL, NULL, NULL, NULL, NULL, 1, 'Rahul', 'Ratan', NULL, '9827459981', 'MALE', '2010-02-02', 1, NULL, 1, '', NULL, 0, 0, NULL, 'WEB', NULL, NULL, 0, NULL, NULL, 0, NULL, '123456'),
(140, '43.229.224.75', 'deep.ratan', '$2y$08$SPUGhtO8pNKPuvzoyImEfe.GGBopawmoghQ9Yz9U.TVBqLYZAzVxO', 'ooHtItu0zeKYIp2E/yQqCO', 'deep.ratan@mailinator.com', NULL, NULL, NULL, NULL, 1501578444, NULL, NULL, NULL, NULL, NULL, 1501584273, 1, 'Deep', 'Ratan', NULL, '98527459981', 'MALE', '2012-04-06', 1, NULL, 1, '', NULL, 1, 0, '', 'ANDROID', '', NULL, 0, NULL, NULL, 0, 'cc00741f-c4d0-5d19-bc52-ebd750ad4497', '123456'),
(141, '43.229.224.75', 'ved.ratan', '$2y$08$/PFjBn1rIVjWiZpu1qclcu.BRy63doZIXFAmplI.y9tBFnGyorfIS', '5YlHnKauULGzxD5GlqR/1O', 'ved.ratan@mailinator.com', NULL, NULL, NULL, NULL, 1501578487, NULL, NULL, NULL, NULL, NULL, 1501589845, 1, 'Ved', 'Ratan', NULL, '9827459981', 'MALE', '2014-06-10', 1, NULL, 1, '', NULL, 1, 0, '', 'ANDROID', '', NULL, 0, NULL, NULL, 0, 'fc24ed5f-dabe-1c0d-2e78-63750d1e6136', '123456'),
(142, '43.229.224.75', 'ranga.ratan', '$2y$08$Nz8ooIji5onTuK0G4QsOluvZc1lxT5.dfn6TofaQY6ELKUdUajumC', 'O.YNohx6Mgx.ELt28Bz.i.', 'ranga.ratan@mailinator.com', NULL, NULL, NULL, NULL, 1501595074, NULL, NULL, NULL, NULL, NULL, NULL, 1, 'Ranga', 'Ratan', NULL, '9827459981', 'MALE', '0000-00-00', 1, NULL, 1, '', NULL, 0, 0, NULL, 'WEB', NULL, NULL, 0, NULL, NULL, 0, NULL, '123456'),
(143, '43.229.224.75', 'test.ratan', '$2y$08$x17BKX9HfMAl/gxmYWoK9u5iX29CGL9FFNKyIoudjjLxpr6B7lanC', 'uFMs6ZOKgiDZdGEgOrZCxO', 'test.ratan@mailinator.com', NULL, NULL, NULL, NULL, 1501595399, NULL, NULL, NULL, NULL, NULL, NULL, 1, 'Test', 'Ratan', NULL, '9827459981', 'MALE', '2015-07-15', 1, NULL, 1, '', NULL, 0, 0, NULL, 'WEB', NULL, NULL, 0, NULL, NULL, 0, NULL, '123456'),
(145, '43.229.224.75', 'Virat.rathore', '$2y$08$7m4TJrwZDn242LQrV.XdyevWxW2Emu8u4m6sz3VsV0vQl9tnbyTqi', '1xbScRG2kVSJt/Tjfpl4IO', 'virat.rathore@mailinatgor.com', NULL, NULL, NULL, NULL, 1502273910, NULL, NULL, NULL, NULL, NULL, NULL, 1, 'Virat', 'Rathore', NULL, '9827459981', 'MALE', '2010-02-02', 1, NULL, 1, '', NULL, 0, 0, NULL, 'WEB', NULL, NULL, 0, NULL, NULL, 0, NULL, 'D@shrath1'),
(146, '43.229.224.75', 'manoj.virat', '$2y$08$fYPkg.q7fQgEyON83EiHa.iUWJhZrXsys2fNlA565f8wEo/1KbZFS', 'Y8CkaGuwedBu53v6MGhGw.', 'manoj.virat@mailinator.com', NULL, NULL, NULL, NULL, 1502274005, NULL, NULL, NULL, NULL, NULL, 1504095350, 1, 'Manoj', 'Virat', NULL, '9827459981', 'MALE', '1983-09-17', 1, NULL, 1, 'uploads/users/name31.png', 'uploads/users/name31_thumb.png', 1, 0, '', 'ANDROID', '', NULL, 0, NULL, NULL, 0, 'd808b872-06ec-bafa-8a73-426306436789', 'Suhailk.18'),
(147, '43.229.224.75', 'amit.virat', '$2y$08$KR5BRhJiM8tw7urAewBpiedEOtaXoO3lJ2LYmsNqJwk/d3TLNRGI.', 'VCfxuNeZRR1jjXUAvXRXyu', 'amit.virat@mailinator.com', NULL, NULL, NULL, NULL, 1502274260, NULL, NULL, NULL, NULL, NULL, 1503904407, 1, 'Amit', 'Virat', NULL, '9827459981', 'MALE', '1969-12-30', 1, NULL, 1, 'uploads/users/name30.png', 'uploads/users/name30_thumb.png', 1, 0, '', 'ANDROID', '', NULL, 0, NULL, NULL, 0, 'ec3d3173-15a9-fb40-3af9-c29f92c31374', 'D@shrath3'),
(148, '43.229.224.75', 'Vishal.virat', '$2y$08$ICM2GOZKCiti1CNpqm5N3uLK1n6UtCFyUXsgT2MfxuNHuUoxGCpKq', 'jEiIgWHESYqYgJzpU8mkiu', 'vishal.virat@mailinator.com', NULL, NULL, NULL, NULL, 1502274344, NULL, NULL, NULL, NULL, NULL, 1504010353, 1, 'Vishal', 'Virat', NULL, '9827459981', 'MALE', '2015-07-15', 1, NULL, 1, '', NULL, 1, 0, '', 'ANDROID', '', NULL, 0, NULL, NULL, 0, '6636ba43-1882-7521-f158-b22543a8bbed', 'D@shrath1'),
(149, '43.229.224.75', 'Wasim.virat', '$2y$08$Gi8mvr9BEYoX6/ysAw7fLOXi1/Mpezfe6YfJB2uZa6ndarHJZj2/C', 'owtMrIwuMKAcIKrxWSUES.', 'wasim.virat@mailinator.com', NULL, NULL, NULL, NULL, 1502274836, NULL, NULL, NULL, NULL, NULL, 1503053840, 1, 'Wasim', 'Virat', NULL, '9827459981', 'MALE', '2015-07-15', 1, NULL, 1, 'uploads/users/1503485230_3.jpg', NULL, 1, 0, '', 'ANDROID', '', NULL, 0, NULL, NULL, 0, '5370239f-9145-3f9e-09cf-41c9cbd71b90', 'D@shrath1'),
(150, '43.229.224.75', 'santosh.virat', '$2y$08$pM4OtWRlrnoISJuDELzATe6DGjHrbLQwlIdPYdBbopq0JxZUTjyma', 'lID6PUIeAaGRJ8lHr2uq7u', 'santosh.virat@mailinator.com', NULL, NULL, NULL, NULL, 1502274896, NULL, NULL, NULL, NULL, NULL, NULL, 1, 'Santosh', 'Virat', NULL, '9827459981', 'MALE', '2010-02-02', 1, NULL, 1, '', NULL, 0, 0, NULL, 'WEB', NULL, NULL, 0, NULL, NULL, 0, NULL, 'D@shrath1'),
(151, '43.229.224.75', 'ved.virat', '$2y$08$WozPJiQVmNfbgJEyOEbsIe/NrcAScCN5ZGu2AKPEgQLRd5/3UANr2', 'GDJB1LJSJCyDJ3hZkZRUPe', 'ved.virat@mailinator.com', NULL, NULL, NULL, NULL, 1502274942, NULL, NULL, NULL, NULL, NULL, 1502868613, 1, 'Ved', 'Virat', NULL, '9827459981', 'MALE', '2010-02-09', 1, NULL, 1, '', NULL, 1, 0, '', 'ANDROID', '', NULL, 0, NULL, NULL, 0, 'ddde23ae-b79f-7c8e-6b2e-ca6f5a979ac7', 'D@shrath1'),
(152, '43.229.224.75', 'ankit.virat', '$2y$08$3UB30rxrxw6Uz9r65d23Zer85GcHvR5a5HLOP3p7RF6b1fe9S8h/q', 'p4vQigLdvxC7/988u6jqie', 'ankit.virat@mailinator.com', NULL, NULL, NULL, NULL, 1502274982, NULL, NULL, NULL, NULL, NULL, 1502877352, 1, 'Ankit', 'Virat', NULL, '9827459981', 'MALE', '2015-07-15', 1, NULL, 1, '', NULL, 1, 0, '1D4BEEC5-BDCE-4586-A18E-A57AAB7D1270', 'IOS', '2E464D52-A726-43C4-A369-87E7F6CE1D67', NULL, 0, NULL, NULL, 0, 'f11d0822-51b9-2e3f-6bd1-d96b37b4881c', 'D@shrath1'),
(165, '43.229.224.75', 'ertertertert', '$2y$08$0Y3W2719XyToW1m4A5.DouAuV8.FsXfol3wcH1zLEic/LXYu/.uwm', 'LnAexPcD1HgmRhwOq2uj0e', 'ertertertert@gmail.com', NULL, NULL, NULL, NULL, 1502973695, NULL, NULL, NULL, NULL, NULL, NULL, 1, 'erterter', 'terterter', NULL, '98566699989', 'MALE', '2010-02-02', 1, NULL, 1, '', NULL, 0, 0, NULL, 'WEB', NULL, NULL, 0, NULL, NULL, 0, NULL, 'd5pJydfg'),
(166, '183.182.87.242', 'vinod.virat', '$2y$08$hhi5oJBLAcDEEoBoR6Ol0eHqobjTca4wl78ORciDgnm9dHMkMUIdK', 'yjwdWQoxDc4phJb85SQkVu', 'vinod.virat@mailinator.com', NULL, NULL, NULL, NULL, 1503047013, NULL, NULL, NULL, NULL, NULL, 1503047573, 1, 'Vinod', 'Mankere', NULL, '9827459987', 'MALE', '0000-00-00', 1, NULL, 1, '', NULL, 1, 0, '', 'ANDROID', '', NULL, 0, NULL, NULL, 0, 'f04b2b24-c7bc-4b5f-7bdb-ebe88e7738d9', 'D@shrath1'),
(167, '183.182.87.242', 'atul.virat', '$2y$08$S6fNsjbzp1VLLWSGN0IW6ewEaTRCUismxy5YPa4gZX.hPRS.BSWFW', '8fowan0a.stY9VEQDk2bRe', 'atul.virat@mailinator.com', NULL, NULL, NULL, NULL, 1503057470, NULL, NULL, NULL, NULL, NULL, 1503473554, 1, 'Atul', 'Virat', NULL, '9827459981', 'MALE', '0000-00-00', 1, NULL, 1, '', NULL, 1, 0, '', 'ANDROID', '', NULL, 0, NULL, NULL, 0, '82139d4f-530b-a922-bf64-a1bd529db8d1', 'D@shrath1'),
(168, '43.229.224.75', 'zaheer.khan', '$2y$08$YWN50zKDK1MU2dGjFUDwGeed1tCcN4t9vwV7mqdzif/M0VHs.3/Wa', 'A17NgWRhkVdcuZnEt.XPDu', 'zaheer.khan@mailinator.com', NULL, NULL, NULL, NULL, 1503145850, NULL, NULL, NULL, NULL, NULL, NULL, 1, 'zaheer', 'khan', NULL, '9827459981', 'MALE', '0000-00-00', 1, NULL, 1, '', NULL, 0, 0, NULL, 'WEB', NULL, NULL, 0, NULL, NULL, 0, NULL, 'D@shrath1'),
(169, '183.182.87.242', 'vivan', '$2y$08$JREzHpiGUdAQ34e3cOYSPu.yK1tmfV4JNA489UXl7B2YH6bPDOcZe', 'kKW70qljdPlNtsExlD2gL.', 'vivan@gmail.com', NULL, NULL, NULL, NULL, 1503403393, NULL, NULL, NULL, NULL, NULL, NULL, 1, 'Vivan', 'Singh', NULL, '9856988888', 'MALE', '2010-06-15', 1, NULL, 1, '', NULL, 0, 0, NULL, 'WEB', NULL, NULL, 0, NULL, NULL, 0, NULL, 'Ni@JQ148'),
(170, '43.229.224.75', 'jayesh.virat', '$2y$08$xcYQsz/ofE1hWxptzXeEGen/aaP1cPVq64DAJ8U2D8xEgtjwS60zC', 'MATU06uuhAlkmhym6DkPce', 'jayesh.virat@mailinator.com', NULL, NULL, NULL, NULL, 1503474395, NULL, NULL, NULL, NULL, NULL, 1503903986, 1, 'Jayesh', 'Virat', NULL, '9827459981', 'MALE', '2017-05-15', 1, NULL, 1, '', NULL, 1, 0, '', 'ANDROID', '', NULL, 0, NULL, NULL, 0, '05f4dade-4ac0-a9c2-74e9-38bf84d84ed0', 'D@shrath1'),
(171, '43.229.224.75', 'raju.virat', '$2y$08$xGhhdgqkVevg9QHroh/8eOewrbZNHlCgw0uRdPRCD8cXwhjmKO/iW', 'luzytJ2GF3fMQ.0QZRC6Ju', 'raju.virat@mailinator.com', NULL, NULL, NULL, NULL, 1503567963, NULL, NULL, NULL, NULL, NULL, NULL, 1, 'Raju', 'Raghuwanshi', NULL, '9827459981', 'MALE', '1983-06-01', 1, NULL, 1, '', NULL, 0, 0, NULL, 'WEB', NULL, NULL, 0, NULL, NULL, 0, NULL, 'D@shrath1'),
(172, '43.229.224.75', 'govinda.virat', '$2y$08$tyIwXK.w2YHlIqFAXssf0.AhMc0hC9psuGKhGilRuHE8HcJNY7f4G', 'ivKqGs93NQteqF74VJEf0e', 'govinda.virat@mailinator.com', NULL, NULL, NULL, NULL, 1503568658, NULL, NULL, NULL, NULL, NULL, NULL, 1, 'Govinda', 'Bhagat', NULL, '9827459981', 'MALE', '0000-00-00', 1, NULL, 1, '', NULL, 0, 0, NULL, 'WEB', NULL, NULL, 0, NULL, NULL, 0, NULL, 'D@shrath1'),
(173, '43.229.224.75', 'pankaj.virat', '$2y$08$fHdjwFbHpt0iacjs7zjHV.5NWA8HS1TQpLvY5tgyOHPSFbc6u3/D6', '1AmzhPFe.1UEzfiQaNbDmO', 'pankaj.virat@mailinator.com', NULL, NULL, NULL, NULL, 1503568706, NULL, NULL, NULL, NULL, NULL, 1503578316, 1, 'Pankaj', 'kumar', NULL, '9827459981', 'MALE', '0000-00-00', 1, NULL, 1, '', NULL, 0, 0, '', 'ANDROID', '', NULL, 0, NULL, NULL, 0, 'ceccbf10-123e-ec53-9ebe-7594c77ec6ee', 'D@shrath1'),
(174, '43.229.224.75', 'prashant.virat', '$2y$08$Qgvrtfazm.c36R6YDYuaP.RuQAz3K7oJKhXhz837Pg7AhntoC51Fm', 'QIZrMY8pNymJShKLlnjFle', 'prashant.virat@mailinator.com', NULL, NULL, NULL, NULL, 1503568792, NULL, NULL, NULL, NULL, NULL, 1503672097, 1, 'Prashant', 'Tiwari', NULL, '9827459981', 'MALE', '0000-00-00', 1, NULL, 1, '', NULL, 1, 0, '', 'ANDROID', '', NULL, 0, NULL, NULL, 0, '7e987fb4-1288-f06d-3f6c-6b7fbe71c8d5', 'D@shrath1'),
(175, '43.229.224.75', 'bhuwan.virat', '$2y$08$CRUOBpOuQZpWdj4R01QDKu9SvKZm/gwCbH1yrUjm7M/vX3LF7ueeS', '65jLouO5tE8JywKVUVEtQu', 'bhuwan.virat@mailinator.com', NULL, NULL, NULL, NULL, 1503574247, NULL, NULL, NULL, NULL, NULL, NULL, 1, 'Bhuwan', 'B', NULL, '9827459981', 'MALE', '2010-02-08', 1, NULL, 1, '', NULL, 0, 0, NULL, 'WEB', NULL, NULL, 0, NULL, NULL, 0, NULL, 'D@shrath1'),
(176, '43.229.224.75', 'suraj.virat', '$2y$08$Rtw3YcAPItA5TmIIrwr5vuQY9oGxWybH7xEiT9cnypTSuLIs0tfh.', 'oaqtyTEA2D9VwooaX.4ar.', 'suraj.virat@mailinator.com', NULL, NULL, NULL, NULL, 1503576621, NULL, NULL, NULL, NULL, NULL, NULL, 1, 'Suraj', 's', NULL, '9827459981', 'MALE', '0000-00-00', 1, NULL, 1, '', NULL, 0, 0, NULL, 'WEB', NULL, NULL, 0, NULL, NULL, 0, NULL, 'D@shrath1'),
(177, '43.229.224.75', 'suny.virat', '$2y$08$veT3PKkQK90z6xPlWzmx7OQe1p6ir1it6SFmxTGbkIJcRbRrZPLkm', '4CfWjRVEqgaloTRqMOpide', 'suny.virat@mailinator.com', NULL, NULL, NULL, NULL, 1503576760, NULL, NULL, NULL, NULL, NULL, NULL, 1, 'Suny', 's', NULL, '9827459981', 'MALE', '0000-00-00', 1, NULL, 1, '', NULL, 0, 0, NULL, 'WEB', NULL, NULL, 0, NULL, NULL, 0, NULL, 'D@shrath1'),
(178, '43.229.224.75', 'Sauragh.virat', '$2y$08$rS6ZVJ9sbtKicS1Ng.KOZeYoc2VW0PlVnqVNuK17AWDbORZQFCmUK', 'taZR5UDycro2OiGMmGiLnu', 'sauragh.virat@mailinator.com', NULL, NULL, NULL, NULL, 1503577275, NULL, NULL, NULL, NULL, NULL, NULL, 1, 'Saurabh', 'S', NULL, '9827459981', 'MALE', '0000-00-00', 1, NULL, 1, '', NULL, 0, 0, NULL, 'WEB', NULL, NULL, 0, NULL, NULL, 0, NULL, 'D@shrath1'),
(179, '43.229.224.75', 'dinesh.virat', '$2y$08$Igf5kH8MRNXt.rCCUNJGQ.c4NxRRxFKh3Bac/cADx20MfQnkO7jlG', 'OET6R8qIMmRZMHksrCZjqe', 'dinesh.virat@mailinator.com', NULL, NULL, NULL, NULL, 1503578493, NULL, NULL, NULL, NULL, NULL, 1503999418, 1, 'Dinesh', 'R', NULL, '9827459981', 'MALE', '2010-02-06', 1, NULL, 1, '', NULL, 0, 0, '', 'ANDROID', '', NULL, 0, NULL, NULL, 0, '772e439b-cfd1-b605-b234-db3179e5313c', 'D@shrath1'),
(180, '43.229.224.75', 'animesh.virat', '$2y$08$Fu06vsGJuHVE4H7Ceonr9O/1nTDQEOFKNPIapYuOR.qrQvggMmPQW', 'lh5T7nUbpA11gI5YoGhAfu', 'animesh.virat@mailinator.com', NULL, NULL, NULL, NULL, 1503578727, NULL, NULL, NULL, NULL, NULL, 1503662171, 1, 'Animesh', 'R', NULL, '9827459981', 'MALE', '2010-02-08', 1, NULL, 1, '', NULL, 1, 0, '', 'ANDROID', '', NULL, 0, NULL, NULL, 0, '431147b9-8c85-ff26-4b35-34933289ecb5', 'D@shrath1'),
(181, '43.229.224.75', 'dershika.virat', '$2y$08$PV3YY2vJEl3fMS754d9GJu5xOFmbrMJMsCzvwplhLypOIFyjdqnQm', 'jkVaCs4AL9p5UtByhaGdSe', 'dershika.virat@mailinator.com', NULL, NULL, NULL, NULL, 1503578994, NULL, NULL, NULL, NULL, NULL, 1503656277, 1, 'Dershika', 'R', NULL, '9827459981', 'MALE', '0000-00-00', 1, NULL, 1, '', NULL, 1, 0, '', 'ANDROID', '', NULL, 0, NULL, NULL, 0, '61045fd0-7132-0ad8-a367-b61fed8c09f2', 'D@shrath1'),
(182, '43.229.224.75', 'janvi.virat', '$2y$08$JTuhFHYljKpsXjyuVYjDm.URM9Js5LS6nk6rbYTPe0.vpz6d2HlMC', 'SR5vNa87qRMzzLog8i8ew.', 'janvi.virat@mailinator.com', NULL, NULL, NULL, NULL, 1503581535, NULL, NULL, NULL, NULL, NULL, 1503661650, 1, 'Janvi', 'R', NULL, '9827459981', 'MALE', '2011-03-02', 1, NULL, 1, '', NULL, 1, 0, '', 'ANDROID', '', NULL, 0, NULL, NULL, 0, 'cf0deeb3-6b8e-08d0-44ae-e4e3afe9e538', 'D@shrath1'),
(183, '43.229.224.75', 'kritika.virat', '$2y$08$nxHbvFuMgrqFcv.oxV5nh.0FX579FpXKPckNYFYNAPM72ZXGriZ3q', 'TD76Ahky1Z/0hbmKTsDXpu', 'kritika.virat@mailinator.com', NULL, NULL, NULL, NULL, 1503647886, NULL, NULL, NULL, NULL, NULL, NULL, 1, 'Kritika', 'K', NULL, '9827459981', 'FEMALE', '0000-00-00', 1, NULL, 1, '', NULL, 0, 0, NULL, 'WEB', NULL, NULL, 0, NULL, NULL, 0, NULL, 'D@shrath1'),
(184, '43.229.224.75', 'yesh.virat', '$2y$08$s1nk560JsqTQLKrJBTf0ZO85dOy7xPQ9aiQQfDbgxGurE/UFnDeb.', '6O4mshrERopZ9huAxsjri.', 'yesh.virat@mailintor.com', NULL, NULL, NULL, NULL, 1503658127, NULL, NULL, NULL, NULL, NULL, NULL, 1, 'Yesh', 'R', NULL, '9827459981', 'MALE', '0000-00-00', 1, NULL, 1, '', NULL, 0, 0, NULL, 'WEB', NULL, NULL, 0, NULL, NULL, 0, NULL, 'D@shrath1'),
(185, '43.229.224.75', 'imran.virat', '$2y$08$OSLbamLl.zn1z32ZxQB8q.bhP90ce.q02r7yxTpXV9laxvjHDtwzW', '71qoiOa1WOTaY3RL5hz/je', 'imran.virat@mailinator.com', NULL, NULL, NULL, NULL, 1503918636, NULL, NULL, NULL, NULL, NULL, 1504097640, 1, 'Imran', 'K', NULL, '9827459981', 'MALE', '2003-01-01', 1, NULL, 1, '', NULL, 0, 0, '', 'ANDROID', '', NULL, 0, NULL, NULL, 0, '85a973f5-a3be-53cb-85e2-7d01765133b3', 'D@shrath1'),
(186, '43.229.224.75', 'ts', '$2y$08$zgvNl0IxyvDR.qGuOHejPOHXjE5fZ1FRg9lYYO9bLkGOedGpGchKq', 'F4mr66RfnVB6DJiBr/Hd3O', 'ts@gmail.com', NULL, NULL, NULL, NULL, 1503988128, NULL, NULL, NULL, NULL, NULL, NULL, 1, 'ts', 'ts', NULL, '9827459981', 'MALE', '0000-00-00', 1, NULL, 1, '', NULL, 0, 0, NULL, 'WEB', NULL, NULL, 0, NULL, NULL, 0, NULL, 'V9tOyW27'),
(187, '217.165.114.23', 'bernard.west', '$2y$08$JCHmw3hzcECZG6mQAAiEMOGYDaAZoHRXZknbZaPdW578Vtfc3088a', 'CoHvNp6BysH90M0OxSAbo.', 'bernard.west@test2.com', NULL, NULL, NULL, NULL, 1503990193, NULL, NULL, NULL, NULL, NULL, 1503994620, 1, 'Bernard', 'West', NULL, '+97122222222', 'MALE', '0000-00-00', 1, NULL, 1, '', NULL, 1, 0, '', 'ANDROID', '', NULL, 0, NULL, NULL, 0, 'c310836c-11f6-a98c-93c3-ee251307fae6', 'A1234567'),
(188, '217.165.114.23', 'rose.simon', '$2y$08$AkLcBGl5u88PJVza/mpqaeZgTf3uFrkdag.AAybFxN8Ucb1BzoshO', 'Ho/RjcU6U0RmKvl1DC68HO', 'rose.simon@test2.com', NULL, NULL, NULL, NULL, 1503990224, NULL, NULL, NULL, NULL, NULL, 1503994741, 1, 'Rose', 'Simon', NULL, '+971222222222', 'MALE', '0000-00-00', 1, NULL, 1, '', NULL, 1, 0, '', 'ANDROID', '', NULL, 0, NULL, NULL, 0, '3f8ea585-275e-a72d-bab2-36250837b471', 'A1234567'),
(189, '217.165.114.23', 'jake.guzman', '$2y$08$luFF6m28zgCjzqVJ5/wtrul/gbM7qAmM19zuwYhQZTDqb.6NG.xd2', 'gO2pesKmuf65yXvFfEim3.', 'jake.guzman@test2.com', NULL, NULL, NULL, NULL, 1503990318, NULL, NULL, NULL, NULL, NULL, 1503994782, 1, 'Jake', 'Guzman', NULL, '+971222222222', 'MALE', '0000-00-00', 1, NULL, 1, '', NULL, 1, 0, '', 'ANDROID', '', NULL, 0, NULL, NULL, 0, '026b0126-09f2-732f-fded-8470dcf74c38', 'A1234567'),
(190, '217.165.114.23', 'gina.wong', '$2y$08$R0SAxK3leFSIY/FRI6NYy.Bz2nCaVJoGenc20/DWLmXdwneH7BE9i', 'yQrUhXPO9dURTE96PWiSQO', 'gina.wong@test2.com', NULL, NULL, NULL, NULL, 1503990398, NULL, NULL, NULL, NULL, NULL, 1503995130, 1, 'Gina', 'Wong', NULL, '+971222222222', 'MALE', '0000-00-00', 1, NULL, 1, '', NULL, 0, 0, '', 'ANDROID', '', NULL, 0, NULL, NULL, 0, 'caf72c08-fa0f-9290-6892-9205a47d8613', 'A1234567'),
(191, '217.165.114.23', 'trevor.hoffman', '$2y$08$kvHqUjkQG1NR5CIGoTHj1u8QDMVXBn6o/lN.0tFCOxGgV5I31Rl/G', 'lKrn0NLS8p3ZGP6gEIpLYu', 'trevor.hoffman@test2.com', NULL, NULL, NULL, NULL, 1503990569, NULL, NULL, NULL, NULL, NULL, 1503995041, 1, 'Trevor', 'Hoffman', NULL, '+971222222222', 'MALE', '0000-00-00', 1, NULL, 1, '', NULL, 1, 0, '', 'ANDROID', '', NULL, 0, NULL, NULL, 0, 'a808b9df-d908-8a1c-5bdc-7f6561e0a999', 'A1234567'),
(192, '217.165.114.23', 'greg.richardson', '$2y$08$wUc288ZMR8ES.FjaUShrKet0CVHU.KbidwNza4/or5sig7qdvsLUi', 'bvq2.8FA6q5vxDhwpERzNO', 'greg.richardson@test2.com', NULL, NULL, NULL, NULL, 1503990612, NULL, NULL, NULL, NULL, NULL, NULL, 1, 'Greg', 'Richardson', NULL, '+971222222222', 'MALE', '0000-00-00', 1, NULL, 1, '', NULL, 0, 0, NULL, 'WEB', NULL, NULL, 0, NULL, NULL, 0, NULL, 'A1234567'),
(193, '217.165.114.23', 'frankie.wise', '$2y$08$7N3lobgBVvMB4PZ5.G0pyO4cnoAk0C9MXcR4C7UV658g7l2WZwQXy', 'jDvUCoF8cZn7h1UY7eoGqu', 'frankie.wise@test2.com', NULL, NULL, NULL, NULL, 1503990647, NULL, NULL, NULL, NULL, NULL, NULL, 1, 'Frankie', 'Wise', NULL, '+971222222222', 'MALE', '0000-00-00', 1, NULL, 1, '', NULL, 0, 0, NULL, 'WEB', NULL, NULL, 0, NULL, NULL, 0, NULL, 'A1234567'),
(194, '217.165.114.23', 'mark.townsend', '$2y$08$sNH92sQqAckW6c9ud2w7deo4eOevDOhqwkdaCF4HJYqxwJ5yIEV/a', 'j/LxP3CX2Mqvw9gsLmHyH.', 'mark.townsend@test2.com', NULL, NULL, NULL, NULL, 1503990678, NULL, NULL, NULL, NULL, NULL, 1503992308, 1, 'Mark', 'Townsend', NULL, '+971222222222', 'MALE', '0000-00-00', 1, NULL, 1, '', NULL, 1, 0, '', 'ANDROID', '', NULL, 0, NULL, NULL, 0, 'ca6b62b7-1b77-b014-178b-ddcff8cb0ce7', 'A1234567'),
(195, '217.165.114.23', 'alice.cohen', '$2y$08$NFjw/HjopH68nwZcKcMcLOm14RgekOk9YXkQeZrzZWhh1Dy9jl35q', 'sj2aPEUilqLLRuYfR1zOte', 'alice.cohen@test2.com', NULL, NULL, NULL, NULL, 1503990706, NULL, NULL, NULL, NULL, NULL, 1503992276, 1, 'Alice', 'Cohen', NULL, '+971222222222', 'MALE', '0000-00-00', 1, NULL, 1, '', NULL, 1, 0, '', 'ANDROID', '', NULL, 0, NULL, NULL, 0, '81e1b312-44a8-c1fe-e4dc-19d0661157b6', 'A1234567'),
(196, '217.165.114.23', 'garry.farmer', '$2y$08$gGmg70LECXuTW2VKq9YXoOfttn34F.BrHumLhaOQNVxohd/NngTfO', 'tl.bpXfVEIwAdtS.9JaQee', 'garry.farmer@test2.com', NULL, NULL, NULL, NULL, 1503990738, NULL, NULL, NULL, NULL, NULL, 1503992437, 1, 'Garry', 'Farmer', NULL, '+971222222222', 'MALE', '0000-00-00', 1, NULL, 1, '', NULL, 1, 0, '', 'ANDROID', '', NULL, 0, NULL, NULL, 0, '64f28f27-b486-5fc6-f3d4-62ac924cd6aa', 'A1234567'),
(197, '217.165.114.23', 'steve.thompson', '$2y$08$HYiixiQlfcvab8fhqIZJwO5w/enhXVWG0pvjsbDowHdQylASNSKJu', 'hWO2TZpKRUP70MRWNQgO4u', 'steve.thompson@test2.com', NULL, NULL, NULL, NULL, 1503990768, NULL, NULL, NULL, NULL, NULL, 1503995059, 1, 'Steve', 'Thompson', NULL, '+971222222222', 'MALE', '0000-00-00', 1, NULL, 1, '', NULL, 1, 0, '', 'ANDROID', '', NULL, 0, NULL, NULL, 0, 'a63bb4a3-b6af-4ee0-9f48-85d8e906ebcc', 'A1234567'),
(198, '217.165.114.23', 'paul.norton', '$2y$08$2sUGvdmqPR4qw/Wba809SOkrKTCZVyAuofQJNLnOZlUZ3LFP26hbm', 'y/rZBwxIOMI9VIwgQyglte', 'paul.norton@test2.com', NULL, NULL, NULL, NULL, 1503990791, NULL, NULL, NULL, NULL, NULL, NULL, 1, 'Paul', 'Norton', NULL, '+971222222222', 'MALE', '0000-00-00', 1, NULL, 1, '', NULL, 0, 0, NULL, 'WEB', NULL, NULL, 0, NULL, NULL, 0, NULL, 'A1234567'),
(199, '43.229.224.75', 'parag.virat', '$2y$08$I8WuvIzCKvjNU/NvVjKBDeBpMZCaUL7paMv5xYOa5FRbDyXWkC2KO', 'u92WbdfPEKaaO8PmvCv0JO', 'parag.virat@mailinator.com', NULL, NULL, NULL, NULL, 1504002796, NULL, NULL, NULL, NULL, NULL, NULL, 1, 'Parag', 's', NULL, '9827459981', 'MALE', '0000-00-00', 1, NULL, 1, '', NULL, 0, 0, NULL, 'WEB', NULL, NULL, 0, NULL, NULL, 0, NULL, 'D@shrath1');

-- --------------------------------------------------------

--
-- Table structure for table `users_device_history`
--

CREATE TABLE `users_device_history` (
  `id` bigint(20) NOT NULL,
  `user_id` bigint(20) NOT NULL,
  `device_token` text NOT NULL COMMENT 'Used to send push notfications',
  `device_type` enum('ANDROID','IOS') NOT NULL,
  `device_id` varchar(150) NOT NULL COMMENT 'Device Unique ID',
  `added_date` datetime NOT NULL
) ENGINE=InnoDB DEFAULT CHARSET=latin1;

--
-- Dumping data for table `users_device_history`
--

INSERT INTO `users_device_history` (`id`, `user_id`, `device_token`, `device_type`, `device_id`, `added_date`) VALUES
(5, 45, 'sdghsdjkjk79879878sdjdfk6hj', 'IOS', '78989sajk89129', '2017-06-02 16:04:49'),
(6, 45, 'sdiufrwerjbkxcv7s8d9f6s87dfsd fbsudfy', 'ANDROID', 'fsdfkjsdfnmvj87689', '2017-06-02 16:31:35'),
(8, 52, '2E464D52-A726-43C4-A369-87E7F6CE1D67', 'IOS', '86F29D83-B781-45CB-AE84-D4F63966388C', '2017-06-15 05:19:25'),
(9, 52, '2E464D52-A726-43C4-A369-87E7F6CE1D67', 'IOS', '8321497E-83BA-4428-A995-5F2239850428', '2017-06-15 08:19:43'),
(10, 52, '2E464D52-A726-43C4-A369-87E7F6CE1D67', 'IOS', '63D99AA2-5129-4476-9851-3A07197A88E4', '2017-06-16 03:14:21'),
(11, 52, '2E464D52-A726-43C4-A369-87E7F6CE1D67', 'IOS', 'C3B9669B-1DE8-4A76-9C29-6F223EE25752', '2017-06-16 03:19:40'),
(12, 52, '2E464D52-A726-43C4-A369-87E7F6CE1D67', 'IOS', 'C7FD118C-776F-4084-895E-2B6197B49DC3', '2017-06-16 03:29:49'),
(14, 52, '2E464D52-A726-43C4-A369-87E7F6CE1D67', 'IOS', 'C2862D9B-CF3A-41C7-AA7C-527CD54C26F0', '2017-06-16 03:53:04'),
(15, 52, '2E464D52-A726-43C4-A369-87E7F6CE1D67', 'IOS', 'F5A71C29-92C1-456A-95A4-01DEA6692E88', '2017-06-16 06:30:30'),
(16, 52, '2E464D52-A726-43C4-A369-87E7F6CE1D67', 'IOS', '489314C1-6226-400E-9C66-9F6779ECDE6B', '2017-06-16 08:23:35'),
(17, 52, '2E464D52-A726-43C4-A369-87E7F6CE1D67', 'IOS', 'F078D52F-89C1-48B4-8541-7F2D1C0B1DEC', '2017-06-16 08:34:47'),
(30, 63, '', '', '', '2017-06-19 04:52:12'),
(31, 75, 'rttrtrr65656565', 'IOS', '3433355444', '2017-06-19 04:53:23'),
(32, 56, 'rttrtrr65656565', '', '3433355444', '2017-06-19 04:53:52'),
(51, 65, '2E464D52-A726-43C4-A369-87E7F6CE1D67', 'IOS', '773A261F-9BC2-4B6C-AB2E-2AAF1FF73288', '2017-07-17 00:54:58'),
(53, 88, '2E464D52-A726-43C4-A369-87E7F6CE1D67', 'IOS', '610488EC-CA7D-4389-AF2F-99D1A9BCBDDC', '2017-07-17 02:38:30'),
(83, 147, '2E464D52-A726-43C4-A369-87E7F6CE1D67', 'IOS', 'A3884B2C-39C2-4252-9F45-5D147352144A', '2017-08-16 08:32:54'),
(91, 147, '2E464D52-A726-43C4-A369-87E7F6CE1D67', 'IOS', '90D01052-309F-407E-8676-1214FA2CBF20', '2017-08-19 05:43:00'),
(92, 185, '', 'ANDROID', '', '2017-08-29 00:39:32');

-- --------------------------------------------------------

--
-- Table structure for table `users_groups`
--

CREATE TABLE `users_groups` (
  `id` int(11) UNSIGNED NOT NULL,
  `user_id` int(11) UNSIGNED NOT NULL,
  `group_id` mediumint(8) UNSIGNED NOT NULL,
  `organization_id` int(11) NOT NULL DEFAULT '0'
) ENGINE=InnoDB DEFAULT CHARSET=utf8;

--
-- Dumping data for table `users_groups`
--

INSERT INTO `users_groups` (`id`, `user_id`, `group_id`, `organization_id`) VALUES
(1, 1, 1, 0),
(60, 61, 2, 4),
(61, 62, 4, 4),
(62, 63, 3, 4),
(64, 65, 4, 4),
(65, 66, 4, 4),
(66, 67, 3, 4),
(67, 68, 5, 4),
(68, 69, 5, 4),
(70, 71, 4, 4),
(71, 72, 5, 4),
(73, 74, 5, 4),
(74, 75, 5, 4),
(75, 76, 5, 4),
(76, 77, 5, 4),
(77, 78, 5, 4),
(78, 79, 5, 4),
(120, 121, 2, 13),
(123, 124, 4, 13),
(124, 125, 5, 13),
(125, 126, 5, 13),
(126, 127, 5, 13),
(127, 128, 5, 13),
(128, 129, 5, 13),
(130, 131, 5, 4),
(131, 132, 5, 13),
(133, 134, 2, 14),
(134, 135, 3, 14),
(135, 136, 4, 14),
(137, 138, 5, 14),
(139, 140, 5, 14),
(140, 141, 5, 14),
(141, 142, 5, 14),
(142, 143, 5, 14),
(144, 145, 2, 15),
(145, 146, 3, 15),
(146, 147, 4, 15),
(147, 148, 4, 15),
(148, 149, 5, 15),
(149, 150, 5, 15),
(150, 151, 5, 15),
(151, 152, 5, 15),
(164, 165, 5, 4),
(165, 166, 5, 15),
(166, 167, 5, 15),
(167, 168, 5, 15),
(168, 169, 5, 4),
(169, 170, 5, 15),
(170, 171, 5, 15),
(171, 172, 5, 15),
(172, 173, 5, 15),
(173, 174, 5, 15),
(174, 175, 5, 15),
(175, 176, 5, 15),
(176, 177, 4, 15),
(177, 178, 3, 15),
(178, 179, 3, 15),
(179, 180, 4, 15),
(180, 181, 5, 15),
(181, 182, 5, 15),
(182, 183, 5, 15),
(183, 184, 4, 15),
(184, 185, 5, 15),
(185, 186, 4, 15),
(186, 187, 5, 17),
(187, 188, 5, 17),
(188, 189, 5, 17),
(189, 190, 5, 17),
(190, 191, 4, 17),
(191, 192, 5, 17),
(192, 193, 5, 17),
(193, 194, 5, 17),
(194, 195, 5, 17),
(195, 196, 4, 17),
(196, 197, 3, 17),
(197, 198, 2, 17),
(198, 199, 5, 15);

-- --------------------------------------------------------

--
-- Table structure for table `user_assessment`
--

CREATE TABLE `user_assessment` (
  `id` bigint(20) NOT NULL,
  `organization_id` int(10) NOT NULL,
  `child_upper_id` int(11) NOT NULL DEFAULT '0',
  `user_id` int(10) NOT NULL,
  `assessment_id` int(10) NOT NULL,
  `start_date` date NOT NULL,
  `end_date` date NOT NULL,
  `assessment_type` varchar(50) NOT NULL COMMENT 'all 180 assessment = 180  specific daily assessment = 360',
  `bullets` varchar(10) NOT NULL DEFAULT '0',
  `bullets_in_month_date` text,
  `bullets_submission` tinyint(6) NOT NULL DEFAULT '0',
  `assessment_status` tinyint(2) NOT NULL DEFAULT '0' COMMENT '0 = incomplete 1 = complete',
  `active` tinyint(1) NOT NULL,
  `create_date` datetime NOT NULL
) ENGINE=InnoDB DEFAULT CHARSET=latin1;

--
-- Dumping data for table `user_assessment`
--

INSERT INTO `user_assessment` (`id`, `organization_id`, `child_upper_id`, `user_id`, `assessment_id`, `start_date`, `end_date`, `assessment_type`, `bullets`, `bullets_in_month_date`, `bullets_submission`, `assessment_status`, `active`, `create_date`) VALUES
(1, 4, 0, 72, 16, '2017-08-10', '2017-08-31', '180', '1', '', 0, 1, 1, '2017-08-10 03:22:52'),
(2, 4, 1, 63, 16, '2017-08-10', '2017-08-31', '180', '0', NULL, 0, 1, 1, '2017-08-10 03:22:52'),
(3, 4, 1, 71, 16, '2017-08-10', '2017-08-31', '180', '0', NULL, 0, 1, 1, '2017-08-10 03:22:52'),
(4, 4, 0, 75, 16, '2017-08-10', '2017-08-31', '180', '1', '', 0, 1, 1, '2017-08-10 03:22:52'),
(5, 4, 4, 63, 16, '2017-08-10', '2017-08-31', '180', '0', NULL, 0, 1, 1, '2017-08-10 03:22:52'),
(6, 4, 4, 71, 16, '2017-08-10', '2017-08-31', '180', '0', NULL, 0, 0, 1, '2017-08-10 03:22:52'),
(7, 4, 0, 76, 7, '2017-08-10', '2017-10-31', '360', '9', '08/10/2017,08/12/2017,09/12/2017,09/18/2017,09/21/2017,08/23/2017,10/19/2017,10/24/2017,10/31/2017', 1, 0, 1, '2017-08-10 03:43:53'),
(8, 4, 7, 66, 7, '2017-08-10', '2017-10-31', '360', '3', '', 1, 0, 1, '2017-08-10 03:43:53'),
(9, 4, 7, 67, 7, '2017-08-10', '2017-10-31', '360', '3', '', 2, 0, 1, '2017-08-10 03:43:53'),
(10, 4, 0, 77, 7, '2017-08-10', '2017-10-31', '360', '9', '08/10/2017,08/12/2017,09/12/2017,09/18/2017,09/21/2017,08/23/2017,10/19/2017,10/24/2017,10/31/2017', 0, 0, 1, '2017-08-10 03:43:53'),
(11, 4, 10, 66, 7, '2017-08-10', '2017-10-31', '360', '3', '', 1, 0, 1, '2017-08-10 03:43:53'),
(12, 4, 10, 67, 7, '2017-08-10', '2017-10-31', '360', '3', '', 3, 1, 1, '2017-08-10 03:43:53'),
(17, 15, 0, 149, 5, '2017-08-10', '2017-10-31', '180', '1', '', 0, 1, 1, '2017-08-10 08:22:30'),
(18, 15, 17, 146, 5, '2017-08-10', '2017-10-31', '180', '0', NULL, 0, 1, 1, '2017-08-10 08:22:30'),
(19, 15, 17, 147, 5, '2017-08-10', '2017-10-31', '180', '0', NULL, 0, 1, 1, '2017-08-10 08:22:30'),
(20, 15, 0, 150, 5, '2017-08-10', '2017-10-31', '180', '1', '', 0, 0, 1, '2017-08-10 08:22:30'),
(21, 15, 20, 146, 5, '2017-08-10', '2017-10-31', '180', '0', NULL, 0, 1, 1, '2017-08-10 08:22:30'),
(22, 15, 20, 147, 5, '2017-08-10', '2017-10-31', '180', '0', NULL, 0, 0, 1, '2017-08-10 08:22:30'),
(23, 15, 0, 151, 5, '2017-08-10', '2017-08-16', '360', '6', '08/10/2017,08/11/2017,08/12/2017,08/15/2017,08/16/2017,08/14/2017', 2, 0, 1, '2017-08-10 08:39:42'),
(24, 15, 23, 146, 5, '2017-08-10', '2017-08-16', '360', '7', '08/10/2017,08/11/2017,08/12/2017,08/13/2017,08/14/2017,08/15/2017,08/16/2017', 3, 0, 1, '2017-08-10 08:39:42'),
(26, 15, 0, 152, 5, '2017-08-10', '2017-08-16', '360', '6', '08/10/2017,08/11/2017,08/12/2017,08/15/2017,08/16/2017,08/14/2017', 0, 0, 1, '2017-08-10 08:39:42'),
(27, 15, 26, 146, 5, '2017-08-10', '2017-08-16', '360', '7', '08/10/2017,08/11/2017,08/12/2017,08/13/2017,08/14/2017,08/15/2017,08/16/2017', 2, 0, 1, '2017-08-10 08:39:42'),
(28, 15, 26, 148, 5, '2017-08-10', '2017-08-16', '360', '5', '08/10/2017,08/11/2017,08/12/2017,08/15/2017,08/16/2017', 0, 0, 1, '2017-08-10 08:39:42'),
(32, 15, 0, 149, 6, '2017-08-14', '2017-08-19', '360', '4', '08/14/2017,08/15/2017,08/16/2017,08/19/2017', 0, 0, 1, '2017-08-14 01:38:18'),
(33, 15, 32, 146, 6, '2017-08-14', '2017-08-19', '360', '5', '08/14/2017,08/16/2017,08/17/2017,08/18/2017,08/19/2017', 3, 0, 1, '2017-08-14 01:38:18'),
(34, 15, 32, 147, 6, '2017-08-14', '2017-08-19', '360', '5', '08/14/2017,08/16/2017,08/17/2017,08/18/2017,08/19/2017', 1, 0, 1, '2017-08-14 01:38:18'),
(79, 16, 0, 154, 20, '2017-08-17', '2017-11-17', '360', '60', '08/17/2017,08/20/2017,08/21/2017,08/22/2017,08/23/2017,08/24/2017,08/27/2017,08/28/2017,08/29/2017,08/30/2017,08/31/2017,09/03/2017,09/04/2017,09/05/2017,09/06/2017,09/07/2017,09/10/2017,09/11/2017,09/12/2017,09/13/2017,09/14/2017,09/17/2017,09/18/2017,09/19/2017,09/20/2017,09/21/2017,09/24/2017,09/26/2017,09/25/2017,09/27/2017,09/28/2017,10/01/2017,10/02/2017,10/04/2017,10/03/2017,10/05/2017,10/08/2017,10/09/2017,10/10/2017,10/11/2017,10/12/2017,10/15/2017,10/16/2017,10/17/2017,10/18/2017,10/19/2017,10/22/2017,10/23/2017,10/24/2017,10/25/2017,10/26/2017,10/29/2017,10/30/2017,10/31/2017,11/01/2017,11/02/2017,11/05/2017,11/06/2017,11/07/2017,11/08/2017', 4, 0, 1, '2017-08-17 02:22:47'),
(88, 15, 0, 166, 5, '2017-08-18', '2017-10-31', '180', '1', '', 0, 0, 1, '2017-08-18 03:05:35'),
(89, 15, 88, 146, 5, '2017-08-18', '2017-10-31', '180', '0', NULL, 0, 0, 1, '2017-08-18 03:05:35'),
(90, 15, 88, 147, 5, '2017-08-18', '2017-10-31', '180', '0', NULL, 0, 1, 1, '2017-08-18 03:05:35'),
(91, 15, 0, 167, 6, '2017-08-18', '2017-08-31', '360', '14', '08/18/2017,08/19/2017,08/20/2017,08/21/2017,08/22/2017,08/23/2017,08/24/2017,08/25/2017,08/26/2017,08/27/2017,08/28/2017,08/29/2017,08/30/2017,08/31/2017', 1, 0, 1, '2017-08-18 06:00:31'),
(92, 15, 91, 146, 6, '2017-08-18', '2017-08-31', '360', '10', '', 4, 0, 1, '2017-08-18 06:00:31'),
(93, 15, 91, 147, 6, '2017-08-18', '2017-08-31', '360', '10', '', 2, 0, 1, '2017-08-18 06:00:31'),
(94, 15, 0, 168, 5, '2017-08-19', '2017-08-19', '180', '1', '', 0, 0, 1, '2017-08-19 06:32:33'),
(95, 15, 94, 146, 5, '2017-08-19', '2017-08-19', '180', '0', NULL, 0, 0, 1, '2017-08-19 06:32:33'),
(96, 15, 94, 148, 5, '2017-08-19', '2017-08-19', '180', '0', NULL, 0, 0, 1, '2017-08-19 06:32:33'),
(97, 15, 0, 170, 6, '2017-08-23', '2017-08-31', '360', '9', '08/23/2017,08/24/2017,08/25/2017,08/26/2017,08/27/2017,08/28/2017,08/29/2017,08/30/2017,08/31/2017', 1, 0, 1, '2017-08-23 07:10:56'),
(98, 15, 97, 146, 6, '2017-08-23', '2017-08-31', '360', '1', '08/23/2017', 0, 0, 1, '2017-08-23 07:10:56'),
(101, 15, 97, 147, 6, '2017-08-23', '2017-08-31', '360', '1', '08/23/2017', 0, 0, 1, '2017-08-23 07:10:56'),
(102, 15, 0, 171, 5, '2017-08-24', '2017-10-31', '180', '1', '', 0, 0, 1, '2017-08-24 04:41:11'),
(103, 15, 102, 146, 5, '2017-08-24', '2017-10-31', '180', '0', NULL, 0, 0, 1, '2017-08-24 04:41:11'),
(104, 15, 102, 147, 5, '2017-08-24', '2017-10-31', '180', '0', NULL, 0, 0, 1, '2017-08-24 04:41:12'),
(105, 15, 0, 172, 5, '2017-08-24', '2017-08-24', '180', '1', '', 0, 0, 1, '2017-08-24 04:42:29'),
(106, 15, 105, 146, 5, '2017-08-24', '2017-08-24', '180', '0', NULL, 0, 1, 1, '2017-08-24 04:42:29'),
(107, 15, 105, 147, 5, '2017-08-24', '2017-08-24', '180', '0', NULL, 0, 0, 1, '2017-08-24 04:42:29'),
(108, 15, 0, 173, 5, '2017-08-24', '2017-10-31', '360', '15', '08/24/2017,08/25/2017,08/26/2017,09/05/2017,09/10/2017,09/15/2017,09/20/2017,09/25/2017,09/30/2017,10/10/2017,10/05/2017,10/15/2017,10/20/2017,10/25/2017,10/30/2017', 1, 0, 1, '2017-08-24 04:49:49'),
(109, 15, 108, 146, 5, '2017-08-24', '2017-10-31', '360', '19', '10/31/2017,10/30/2017,10/25/2017,10/20/2017,10/15/2017,10/10/2017,10/05/2017,09/30/2017,09/25/2017,09/20/2017,09/15/2017,09/10/2017,09/05/2017,08/24/2017,08/25/2017,08/26/2017', 2, 0, 1, '2017-08-24 04:49:49'),
(110, 15, 108, 148, 5, '2017-08-24', '2017-10-31', '360', '20', '08/24/2017,08/25/2017,08/26/2017,08/30/2017,08/31/2017,09/05/2017,09/10/2017,09/15/2017,09/20/2017,09/25/2017,09/30/2017,10/05/2017,10/10/2017,10/15/2017,10/20/2017,10/25/2017,10/30/2017,10/31/2017', 1, 0, 1, '2017-08-24 04:49:49'),
(111, 15, 0, 174, 5, '2017-08-24', '2017-08-26', '360', '3', '08/24/2017,08/25/2017,08/26/2017', 1, 0, 1, '2017-08-24 04:53:41'),
(112, 15, 111, 146, 5, '2017-08-24', '2017-08-26', '360', '3', '', 2, 0, 1, '2017-08-24 04:53:41'),
(113, 15, 111, 148, 5, '2017-08-24', '2017-08-26', '360', '3', '08/24/2017,08/25/2017,08/26/2017', 1, 0, 1, '2017-08-24 04:53:41'),
(114, 15, 0, 175, 5, '2017-08-24', '2017-08-24', '180', '1', '', 0, 0, 1, '2017-08-24 05:37:41'),
(116, 15, 114, 147, 5, '2017-08-24', '2017-08-24', '180', '0', NULL, 0, 0, 1, '2017-08-24 05:37:41'),
(117, 15, 114, 146, 5, '2017-08-24', '2017-08-24', '180', '0', NULL, 0, 1, 1, '2017-08-24 05:37:42'),
(118, 15, 0, 181, 5, '2017-08-24', '2017-08-25', '360', '2', '08/24/2017,08/25/2017', 2, 1, 1, '2017-08-24 06:55:26'),
(119, 15, 118, 179, 5, '2017-08-24', '2017-08-25', '360', '2', '08/24/2017,08/25/2017', 1, 0, 1, '2017-08-24 06:55:26'),
(120, 15, 118, 180, 5, '2017-08-24', '2017-08-25', '360', '2', '08/24/2017,08/25/2017', 2, 1, 1, '2017-08-24 06:55:26'),
(121, 15, 0, 182, 5, '2017-08-24', '2017-08-24', '180', '1', '', 0, 1, 1, '2017-08-24 07:55:25'),
(122, 15, 121, 179, 5, '2017-08-24', '2017-08-24', '180', '0', NULL, 0, 0, 1, '2017-08-24 07:55:25'),
(123, 15, 121, 180, 5, '2017-08-24', '2017-08-24', '180', '0', NULL, 0, 1, 1, '2017-08-24 07:55:25'),
(127, 15, 0, 151, 18, '2017-08-25', '2017-08-31', '180', '1', '', 0, 0, 1, '2017-08-29 07:00:36'),
(128, 4, 0, 74, 18, '2017-08-25', '2017-08-31', '180', '1', '', 0, 0, 1, '2017-08-25 08:54:29'),
(129, 15, 0, 185, 5, '2017-08-28', '2017-09-05', '180', '1', '', 0, 1, 1, '2017-08-28 05:12:22'),
(130, 15, 129, 146, 5, '2017-08-28', '2017-09-05', '180', '0', NULL, 0, 1, 1, '2017-08-28 05:12:22'),
(131, 15, 129, 148, 5, '2017-08-28', '2017-09-05', '180', '0', NULL, 0, 1, 1, '2017-08-28 05:12:22'),
(132, 15, 0, 185, 5, '2017-08-28', '2017-09-05', '360', '6', '08/28/2017,08/29/2017,09/01/2017,09/02/2017,09/04/2017,09/05/2017', 2, 0, 1, '2017-08-28 05:25:05'),
(133, 15, 132, 146, 5, '2017-08-28', '2017-09-05', '360', '6', '08/28/2017,08/29/2017,08/31/2017,09/01/2017,09/04/2017,09/05/2017', 2, 0, 1, '2017-08-28 05:25:05'),
(134, 15, 132, 148, 5, '2017-08-28', '2017-09-05', '360', '6', '08/28/2017,08/31/2017,09/01/2017,09/05/2017,08/29/2017,08/30/2017', 3, 0, 1, '2017-08-28 05:25:05'),
(135, 16, 0, 153, 20, '2017-08-29', '2017-09-29', '360', '3', '08/29/2017,08/30/2017,08/31/2017', 0, 0, 1, '2017-08-29 00:14:45'),
(136, 16, 135, 157, 20, '2017-08-29', '2017-09-29', '360', '2', '', 0, 0, 1, '2017-08-29 00:14:45'),
(138, 17, 0, 187, 21, '2017-08-29', '2017-09-05', '180', '1', '', 0, 1, 1, '2017-08-29 01:19:06'),
(139, 17, 138, 191, 21, '2017-08-29', '2017-09-05', '180', '0', NULL, 0, 1, 1, '2017-08-29 01:19:06'),
(140, 17, 138, 197, 21, '2017-08-29', '2017-09-05', '180', '0', NULL, 0, 1, 1, '2017-08-29 01:19:06'),
(141, 17, 0, 188, 21, '2017-08-29', '2017-09-05', '180', '1', '', 0, 1, 1, '2017-08-29 01:19:06'),
(142, 17, 141, 191, 21, '2017-08-29', '2017-09-05', '180', '0', NULL, 0, 1, 1, '2017-08-29 01:19:07'),
(143, 17, 141, 197, 21, '2017-08-29', '2017-09-05', '180', '0', NULL, 0, 1, 1, '2017-08-29 01:19:07'),
(144, 17, 0, 189, 21, '2017-08-29', '2017-09-05', '180', '1', '', 0, 1, 1, '2017-08-29 01:19:07'),
(145, 17, 144, 191, 21, '2017-08-29', '2017-09-05', '180', '0', NULL, 0, 1, 1, '2017-08-29 01:19:07'),
(146, 17, 144, 197, 21, '2017-08-29', '2017-09-05', '180', '0', NULL, 0, 1, 1, '2017-08-29 01:19:07'),
(147, 17, 0, 190, 21, '2017-08-29', '2017-09-05', '180', '1', '', 0, 1, 1, '2017-08-29 01:19:07'),
(148, 17, 147, 191, 21, '2017-08-29', '2017-09-05', '180', '0', NULL, 0, 1, 1, '2017-08-29 01:19:07'),
(149, 17, 147, 197, 21, '2017-08-29', '2017-09-05', '180', '0', NULL, 0, 1, 1, '2017-08-29 01:19:07'),
(150, 17, 0, 194, 21, '2017-08-29', '2017-09-05', '180', '1', '', 0, 1, 1, '2017-08-29 01:22:37'),
(151, 17, 150, 196, 21, '2017-08-29', '2017-09-05', '180', '0', NULL, 0, 1, 1, '2017-08-29 01:22:37'),
(152, 17, 150, 197, 21, '2017-08-29', '2017-09-05', '180', '0', NULL, 0, 0, 1, '2017-08-29 01:22:37'),
(153, 17, 0, 192, 21, '2017-08-29', '2017-09-05', '180', '1', '', 0, 0, 1, '2017-08-29 01:22:37'),
(154, 17, 153, 196, 21, '2017-08-29', '2017-09-05', '180', '0', NULL, 0, 0, 1, '2017-08-29 01:22:37'),
(155, 17, 153, 197, 21, '2017-08-29', '2017-09-05', '180', '0', NULL, 0, 0, 1, '2017-08-29 01:22:37'),
(156, 17, 0, 193, 21, '2017-08-29', '2017-09-06', '180', '1', '', 0, 0, 1, '2017-08-29 02:13:12'),
(157, 17, 156, 196, 21, '2017-08-29', '2017-09-06', '180', '0', NULL, 0, 0, 1, '2017-08-29 02:13:12'),
(158, 17, 156, 197, 21, '2017-08-29', '2017-09-06', '180', '0', NULL, 0, 0, 1, '2017-08-29 02:13:12'),
(159, 17, 0, 195, 21, '2017-08-29', '2017-09-05', '180', '1', '', 0, 1, 1, '2017-08-29 01:22:37'),
(160, 17, 159, 196, 21, '2017-08-29', '2017-09-05', '180', '0', NULL, 0, 1, 1, '2017-08-29 01:22:37'),
(161, 17, 159, 197, 21, '2017-08-29', '2017-09-05', '180', '0', NULL, 0, 0, 1, '2017-08-29 01:22:37'),
(162, 17, 0, 187, 21, '2017-08-29', '2017-11-29', '360', '65', '08/29/2017,08/30/2017,09/04/2017,09/05/2017,09/06/2017,09/07/2017,09/10/2017,09/11/2017,09/12/2017,09/13/2017,09/14/2017,09/17/2017,09/18/2017,09/19/2017,09/20/2017,09/21/2017,09/24/2017,09/25/2017,09/26/2017,09/27/2017,09/28/2017,10/01/2017,10/02/2017,10/03/2017,10/04/2017,10/05/2017,10/08/2017,10/09/2017,10/10/2017,10/11/2017,10/12/2017,10/15/2017,10/16/2017,10/17/2017,10/18/2017,10/19/2017,10/22/2017,10/23/2017,10/24/2017,10/25/2017,10/26/2017,10/29/2017,10/30/2017,10/31/2017,11/01/2017,11/02/2017,11/05/2017,11/06/2017,11/07/2017,11/08/2017,11/09/2017,11/12/2017,11/13/2017,11/15/2017,11/14/2017,11/16/2017,11/19/2017,11/20/2017,11/21/2017,11/22/2017,11/23/2017,11/26/2017,11/27/2017,11/28/2017,11/29/2017', 1, 0, 1, '2017-08-29 02:15:35'),
(163, 17, 162, 191, 21, '2017-08-29', '2017-11-29', '360', '6', '', 1, 0, 1, '2017-08-29 02:15:35'),
(164, 17, 162, 197, 21, '2017-08-29', '2017-11-29', '360', '3', '', 0, 0, 1, '2017-08-29 02:15:35'),
(165, 17, 0, 188, 21, '2017-08-29', '2017-11-29', '360', '65', '08/29/2017,08/30/2017,09/04/2017,09/05/2017,09/06/2017,09/07/2017,09/10/2017,09/11/2017,09/12/2017,09/13/2017,09/14/2017,09/17/2017,09/18/2017,09/19/2017,09/20/2017,09/21/2017,09/24/2017,09/25/2017,09/26/2017,09/27/2017,09/28/2017,10/01/2017,10/02/2017,10/03/2017,10/04/2017,10/05/2017,10/08/2017,10/09/2017,10/10/2017,10/11/2017,10/12/2017,10/15/2017,10/16/2017,10/17/2017,10/18/2017,10/19/2017,10/22/2017,10/23/2017,10/24/2017,10/25/2017,10/26/2017,10/29/2017,10/30/2017,10/31/2017,11/01/2017,11/02/2017,11/05/2017,11/06/2017,11/07/2017,11/08/2017,11/09/2017,11/12/2017,11/13/2017,11/15/2017,11/14/2017,11/16/2017,11/19/2017,11/20/2017,11/21/2017,11/22/2017,11/23/2017,11/26/2017,11/27/2017,11/28/2017,11/29/2017', 1, 0, 1, '2017-08-29 02:15:35'),
(166, 17, 165, 191, 21, '2017-08-29', '2017-11-29', '360', '6', '', 1, 0, 1, '2017-08-29 02:15:35'),
(167, 17, 165, 197, 21, '2017-08-29', '2017-11-29', '360', '3', '', 0, 0, 1, '2017-08-29 02:15:35'),
(168, 17, 0, 189, 21, '2017-08-29', '2017-11-29', '360', '65', '08/29/2017,08/30/2017,09/04/2017,09/05/2017,09/06/2017,09/07/2017,09/10/2017,09/11/2017,09/12/2017,09/13/2017,09/14/2017,09/17/2017,09/18/2017,09/19/2017,09/20/2017,09/21/2017,09/24/2017,09/25/2017,09/26/2017,09/27/2017,09/28/2017,10/01/2017,10/02/2017,10/03/2017,10/04/2017,10/05/2017,10/08/2017,10/09/2017,10/10/2017,10/11/2017,10/12/2017,10/15/2017,10/16/2017,10/17/2017,10/18/2017,10/19/2017,10/22/2017,10/23/2017,10/24/2017,10/25/2017,10/26/2017,10/29/2017,10/30/2017,10/31/2017,11/01/2017,11/02/2017,11/05/2017,11/06/2017,11/07/2017,11/08/2017,11/09/2017,11/12/2017,11/13/2017,11/15/2017,11/14/2017,11/16/2017,11/19/2017,11/20/2017,11/21/2017,11/22/2017,11/23/2017,11/26/2017,11/27/2017,11/28/2017,11/29/2017', 1, 0, 1, '2017-08-29 02:15:35'),
(169, 17, 168, 191, 21, '2017-08-29', '2017-11-29', '360', '6', '', 1, 0, 1, '2017-08-29 02:15:35'),
(170, 17, 168, 197, 21, '2017-08-29', '2017-11-29', '360', '3', '', 1, 0, 1, '2017-08-29 02:15:35'),
(171, 17, 0, 190, 21, '2017-08-29', '2017-11-29', '360', '65', '08/29/2017,08/30/2017,09/04/2017,09/05/2017,09/06/2017,09/07/2017,09/10/2017,09/11/2017,09/12/2017,09/13/2017,09/14/2017,09/17/2017,09/18/2017,09/19/2017,09/20/2017,09/21/2017,09/24/2017,09/25/2017,09/26/2017,09/27/2017,09/28/2017,10/01/2017,10/02/2017,10/03/2017,10/04/2017,10/05/2017,10/08/2017,10/09/2017,10/10/2017,10/11/2017,10/12/2017,10/15/2017,10/16/2017,10/17/2017,10/18/2017,10/19/2017,10/22/2017,10/23/2017,10/24/2017,10/25/2017,10/26/2017,10/29/2017,10/30/2017,10/31/2017,11/01/2017,11/02/2017,11/05/2017,11/06/2017,11/07/2017,11/08/2017,11/09/2017,11/12/2017,11/13/2017,11/15/2017,11/14/2017,11/16/2017,11/19/2017,11/20/2017,11/21/2017,11/22/2017,11/23/2017,11/26/2017,11/27/2017,11/28/2017,11/29/2017', 1, 0, 1, '2017-08-29 02:15:35'),
(172, 17, 171, 191, 21, '2017-08-29', '2017-11-29', '360', '6', '', 1, 0, 1, '2017-08-29 02:15:35'),
(173, 17, 171, 197, 21, '2017-08-29', '2017-11-29', '360', '3', '', 1, 0, 1, '2017-08-29 02:15:36'),
(174, 15, 0, 199, 5, '2017-08-29', '2017-09-02', '180', '1', '', 0, 0, 1, '2017-08-29 04:39:00'),
(175, 15, 174, 146, 5, '2017-08-29', '2017-09-02', '180', '0', NULL, 0, 0, 1, '2017-08-29 04:39:00'),
(176, 15, 174, 177, 5, '2017-08-29', '2017-09-02', '180', '0', NULL, 0, 0, 1, '2017-08-29 04:39:00'),
(180, 15, 127, 146, 18, '2017-08-25', '2017-08-31', '180', '0', NULL, 0, 0, 1, '2017-08-29 07:00:36'),
(181, 15, 127, 148, 18, '2017-08-25', '2017-08-31', '180', '0', NULL, 0, 0, 1, '2017-08-29 07:00:36');

-- --------------------------------------------------------

--
-- Table structure for table `user_assessment_question`
--

CREATE TABLE `user_assessment_question` (
  `id` bigint(20) NOT NULL,
  `user_assessment_id` int(10) NOT NULL,
  `assessment_id` int(10) NOT NULL,
  `question_id` int(10) NOT NULL
) ENGINE=InnoDB DEFAULT CHARSET=latin1;

--
-- Dumping data for table `user_assessment_question`
--

INSERT INTO `user_assessment_question` (`id`, `user_assessment_id`, `assessment_id`, `question_id`) VALUES
(1, 1, 16, 46),
(2, 1, 16, 47),
(3, 1, 16, 48),
(4, 1, 16, 49),
(5, 1, 16, 50),
(6, 2, 16, 46),
(7, 2, 16, 47),
(8, 2, 16, 48),
(9, 2, 16, 49),
(10, 2, 16, 50),
(11, 3, 16, 46),
(12, 3, 16, 47),
(13, 3, 16, 48),
(14, 3, 16, 49),
(15, 3, 16, 50),
(16, 4, 16, 46),
(17, 4, 16, 47),
(18, 4, 16, 48),
(19, 4, 16, 49),
(20, 4, 16, 50),
(21, 5, 16, 46),
(22, 5, 16, 47),
(23, 5, 16, 48),
(24, 5, 16, 49),
(25, 5, 16, 50),
(26, 6, 16, 46),
(27, 6, 16, 47),
(28, 6, 16, 48),
(29, 6, 16, 49),
(30, 6, 16, 50),
(31, 7, 7, 13),
(32, 7, 7, 14),
(33, 7, 7, 15),
(34, 7, 7, 16),
(35, 7, 7, 17),
(36, 7, 7, 20),
(37, 7, 7, 21),
(38, 8, 7, 13),
(39, 8, 7, 14),
(40, 8, 7, 15),
(41, 8, 7, 16),
(42, 8, 7, 17),
(43, 8, 7, 20),
(44, 8, 7, 21),
(45, 9, 7, 13),
(46, 9, 7, 14),
(47, 9, 7, 15),
(48, 9, 7, 16),
(49, 9, 7, 17),
(50, 9, 7, 20),
(51, 9, 7, 21),
(52, 10, 7, 13),
(53, 10, 7, 14),
(54, 10, 7, 15),
(55, 10, 7, 16),
(56, 10, 7, 17),
(57, 10, 7, 20),
(58, 10, 7, 21),
(59, 11, 7, 13),
(60, 11, 7, 14),
(61, 11, 7, 15),
(62, 11, 7, 16),
(63, 11, 7, 17),
(64, 11, 7, 20),
(65, 11, 7, 21),
(66, 12, 7, 13),
(67, 12, 7, 14),
(68, 12, 7, 15),
(69, 12, 7, 16),
(70, 12, 7, 17),
(71, 12, 7, 20),
(72, 12, 7, 21),
(95, 17, 5, 12),
(96, 17, 5, 9),
(97, 17, 5, 10),
(98, 18, 5, 12),
(99, 18, 5, 9),
(100, 18, 5, 10),
(101, 19, 5, 12),
(102, 19, 5, 9),
(103, 19, 5, 10),
(104, 20, 5, 12),
(105, 20, 5, 9),
(106, 20, 5, 10),
(107, 21, 5, 12),
(108, 21, 5, 9),
(109, 21, 5, 10),
(110, 22, 5, 12),
(111, 22, 5, 9),
(112, 22, 5, 10),
(113, 23, 5, 12),
(114, 23, 5, 9),
(115, 23, 5, 10),
(116, 24, 5, 12),
(117, 24, 5, 9),
(118, 24, 5, 10),
(122, 26, 5, 12),
(123, 26, 5, 9),
(124, 26, 5, 10),
(125, 27, 5, 12),
(126, 27, 5, 9),
(127, 27, 5, 10),
(128, 28, 5, 12),
(129, 28, 5, 9),
(130, 28, 5, 10),
(137, 32, 6, 9),
(138, 32, 6, 10),
(139, 33, 6, 9),
(140, 33, 6, 10),
(141, 34, 6, 9),
(142, 34, 6, 10),
(523, 79, 20, 67),
(524, 79, 20, 70),
(589, 88, 5, 12),
(590, 88, 5, 9),
(591, 88, 5, 10),
(592, 89, 5, 12),
(593, 89, 5, 9),
(594, 89, 5, 10),
(595, 90, 5, 12),
(596, 90, 5, 9),
(597, 90, 5, 10),
(598, 91, 6, 9),
(599, 91, 6, 10),
(600, 92, 6, 9),
(601, 92, 6, 10),
(602, 93, 6, 9),
(603, 93, 6, 10),
(604, 94, 5, 12),
(605, 94, 5, 9),
(606, 94, 5, 10),
(607, 95, 5, 12),
(608, 95, 5, 9),
(609, 95, 5, 10),
(610, 96, 5, 12),
(611, 96, 5, 9),
(612, 96, 5, 10),
(625, 97, 6, 9),
(626, 97, 6, 10),
(627, 98, 6, 9),
(628, 98, 6, 10),
(629, 101, 6, 9),
(630, 101, 6, 10),
(631, 102, 5, 12),
(632, 102, 5, 9),
(633, 102, 5, 10),
(634, 103, 5, 12),
(635, 103, 5, 9),
(636, 103, 5, 10),
(637, 104, 5, 12),
(638, 104, 5, 9),
(639, 104, 5, 10),
(640, 105, 5, 12),
(641, 105, 5, 9),
(642, 105, 5, 10),
(643, 106, 5, 12),
(644, 106, 5, 9),
(645, 106, 5, 10),
(646, 107, 5, 12),
(647, 107, 5, 9),
(648, 107, 5, 10),
(655, 108, 5, 12),
(656, 108, 5, 9),
(657, 108, 5, 10),
(658, 109, 5, 12),
(659, 109, 5, 9),
(660, 109, 5, 10),
(661, 110, 5, 12),
(662, 110, 5, 9),
(663, 110, 5, 10),
(664, 111, 5, 12),
(665, 111, 5, 9),
(666, 112, 5, 12),
(667, 112, 5, 9),
(668, 113, 5, 12),
(669, 113, 5, 9),
(685, 114, 5, 12),
(686, 114, 5, 9),
(687, 114, 5, 10),
(688, 116, 5, 12),
(689, 116, 5, 9),
(690, 116, 5, 10),
(691, 117, 5, 12),
(692, 117, 5, 9),
(693, 117, 5, 10),
(694, 118, 5, 12),
(695, 118, 5, 9),
(696, 119, 5, 12),
(697, 119, 5, 9),
(698, 120, 5, 12),
(699, 120, 5, 9),
(700, 121, 5, 12),
(701, 121, 5, 9),
(702, 121, 5, 10),
(703, 122, 5, 12),
(704, 122, 5, 9),
(705, 122, 5, 10),
(706, 123, 5, 12),
(707, 123, 5, 9),
(708, 123, 5, 10),
(722, 128, 18, 55),
(723, 128, 18, 56),
(724, 128, 18, 57),
(725, 128, 18, 58),
(726, 129, 5, 12),
(727, 129, 5, 9),
(728, 129, 5, 10),
(729, 130, 5, 12),
(730, 130, 5, 9),
(731, 130, 5, 10),
(732, 131, 5, 12),
(733, 131, 5, 9),
(734, 131, 5, 10),
(735, 132, 5, 9),
(736, 132, 5, 10),
(737, 133, 5, 9),
(738, 133, 5, 10),
(739, 134, 5, 9),
(740, 134, 5, 10),
(751, 135, 20, 64),
(752, 135, 20, 67),
(753, 136, 20, 64),
(754, 136, 20, 67),
(755, 138, 21, 73),
(756, 138, 21, 74),
(757, 138, 21, 75),
(758, 138, 21, 76),
(759, 138, 21, 77),
(760, 138, 21, 78),
(761, 138, 21, 79),
(762, 138, 21, 80),
(763, 138, 21, 81),
(764, 138, 21, 82),
(765, 139, 21, 73),
(766, 139, 21, 74),
(767, 139, 21, 75),
(768, 139, 21, 76),
(769, 139, 21, 77),
(770, 139, 21, 78),
(771, 139, 21, 79),
(772, 139, 21, 80),
(773, 139, 21, 81),
(774, 139, 21, 82),
(775, 140, 21, 73),
(776, 140, 21, 74),
(777, 140, 21, 75),
(778, 140, 21, 76),
(779, 140, 21, 77),
(780, 140, 21, 78),
(781, 140, 21, 79),
(782, 140, 21, 80),
(783, 140, 21, 81),
(784, 140, 21, 82),
(785, 141, 21, 73),
(786, 141, 21, 74),
(787, 141, 21, 75),
(788, 141, 21, 76),
(789, 141, 21, 77),
(790, 141, 21, 78),
(791, 141, 21, 79),
(792, 141, 21, 80),
(793, 141, 21, 81),
(794, 141, 21, 82),
(795, 142, 21, 73),
(796, 142, 21, 74),
(797, 142, 21, 75),
(798, 142, 21, 76),
(799, 142, 21, 77),
(800, 142, 21, 78),
(801, 142, 21, 79),
(802, 142, 21, 80),
(803, 142, 21, 81),
(804, 142, 21, 82),
(805, 143, 21, 73),
(806, 143, 21, 74),
(807, 143, 21, 75),
(808, 143, 21, 76),
(809, 143, 21, 77),
(810, 143, 21, 78),
(811, 143, 21, 79),
(812, 143, 21, 80),
(813, 143, 21, 81),
(814, 143, 21, 82),
(815, 144, 21, 73),
(816, 144, 21, 74),
(817, 144, 21, 75),
(818, 144, 21, 76),
(819, 144, 21, 77),
(820, 144, 21, 78),
(821, 144, 21, 79),
(822, 144, 21, 80),
(823, 144, 21, 81),
(824, 144, 21, 82),
(825, 145, 21, 73),
(826, 145, 21, 74),
(827, 145, 21, 75),
(828, 145, 21, 76),
(829, 145, 21, 77),
(830, 145, 21, 78),
(831, 145, 21, 79),
(832, 145, 21, 80),
(833, 145, 21, 81),
(834, 145, 21, 82),
(835, 146, 21, 73),
(836, 146, 21, 74),
(837, 146, 21, 75),
(838, 146, 21, 76),
(839, 146, 21, 77),
(840, 146, 21, 78),
(841, 146, 21, 79),
(842, 146, 21, 80),
(843, 146, 21, 81),
(844, 146, 21, 82),
(845, 147, 21, 73),
(846, 147, 21, 74),
(847, 147, 21, 75),
(848, 147, 21, 76),
(849, 147, 21, 77),
(850, 147, 21, 78),
(851, 147, 21, 79),
(852, 147, 21, 80),
(853, 147, 21, 81),
(854, 147, 21, 82),
(855, 148, 21, 73),
(856, 148, 21, 74),
(857, 148, 21, 75),
(858, 148, 21, 76),
(859, 148, 21, 77),
(860, 148, 21, 78),
(861, 148, 21, 79),
(862, 148, 21, 80),
(863, 148, 21, 81),
(864, 148, 21, 82),
(865, 149, 21, 73),
(866, 149, 21, 74),
(867, 149, 21, 75),
(868, 149, 21, 76),
(869, 149, 21, 77),
(870, 149, 21, 78),
(871, 149, 21, 79),
(872, 149, 21, 80),
(873, 149, 21, 81),
(874, 149, 21, 82),
(875, 150, 21, 73),
(876, 150, 21, 74),
(877, 150, 21, 75),
(878, 150, 21, 76),
(879, 150, 21, 77),
(880, 150, 21, 78),
(881, 150, 21, 79),
(882, 150, 21, 80),
(883, 150, 21, 81),
(884, 150, 21, 82),
(885, 151, 21, 73),
(886, 151, 21, 74),
(887, 151, 21, 75),
(888, 151, 21, 76),
(889, 151, 21, 77),
(890, 151, 21, 78),
(891, 151, 21, 79),
(892, 151, 21, 80),
(893, 151, 21, 81),
(894, 151, 21, 82),
(895, 152, 21, 73),
(896, 152, 21, 74),
(897, 152, 21, 75),
(898, 152, 21, 76),
(899, 152, 21, 77),
(900, 152, 21, 78),
(901, 152, 21, 79),
(902, 152, 21, 80),
(903, 152, 21, 81),
(904, 152, 21, 82),
(905, 153, 21, 73),
(906, 153, 21, 74),
(907, 153, 21, 75),
(908, 153, 21, 76),
(909, 153, 21, 77),
(910, 153, 21, 78),
(911, 153, 21, 79),
(912, 153, 21, 80),
(913, 153, 21, 81),
(914, 153, 21, 82),
(915, 154, 21, 73),
(916, 154, 21, 74),
(917, 154, 21, 75),
(918, 154, 21, 76),
(919, 154, 21, 77),
(920, 154, 21, 78),
(921, 154, 21, 79),
(922, 154, 21, 80),
(923, 154, 21, 81),
(924, 154, 21, 82),
(925, 155, 21, 73),
(926, 155, 21, 74),
(927, 155, 21, 75),
(928, 155, 21, 76),
(929, 155, 21, 77),
(930, 155, 21, 78),
(931, 155, 21, 79),
(932, 155, 21, 80),
(933, 155, 21, 81),
(934, 155, 21, 82),
(965, 159, 21, 73),
(966, 159, 21, 74),
(967, 159, 21, 75),
(968, 159, 21, 76),
(969, 159, 21, 77),
(970, 159, 21, 78),
(971, 159, 21, 79),
(972, 159, 21, 80),
(973, 159, 21, 81),
(974, 159, 21, 82),
(975, 160, 21, 73),
(976, 160, 21, 74),
(977, 160, 21, 75),
(978, 160, 21, 76),
(979, 160, 21, 77),
(980, 160, 21, 78),
(981, 160, 21, 79),
(982, 160, 21, 80),
(983, 160, 21, 81),
(984, 160, 21, 82),
(985, 161, 21, 73),
(986, 161, 21, 74),
(987, 161, 21, 75),
(988, 161, 21, 76),
(989, 161, 21, 77),
(990, 161, 21, 78),
(991, 161, 21, 79),
(992, 161, 21, 80),
(993, 161, 21, 81),
(994, 161, 21, 82),
(995, 156, 21, 73),
(996, 156, 21, 74),
(997, 156, 21, 75),
(998, 156, 21, 76),
(999, 156, 21, 77),
(1000, 156, 21, 78),
(1001, 156, 21, 79),
(1002, 156, 21, 80),
(1003, 156, 21, 81),
(1004, 156, 21, 82),
(1005, 157, 21, 73),
(1006, 157, 21, 74),
(1007, 157, 21, 75),
(1008, 157, 21, 76),
(1009, 157, 21, 77),
(1010, 157, 21, 78),
(1011, 157, 21, 79),
(1012, 157, 21, 80),
(1013, 157, 21, 81),
(1014, 157, 21, 82),
(1015, 158, 21, 73),
(1016, 158, 21, 74),
(1017, 158, 21, 75),
(1018, 158, 21, 76),
(1019, 158, 21, 77),
(1020, 158, 21, 78),
(1021, 158, 21, 79),
(1022, 158, 21, 80),
(1023, 158, 21, 81),
(1024, 158, 21, 82),
(1025, 162, 21, 74),
(1026, 162, 21, 80),
(1027, 163, 21, 74),
(1028, 163, 21, 80),
(1029, 164, 21, 74),
(1030, 164, 21, 80),
(1031, 165, 21, 74),
(1032, 165, 21, 80),
(1033, 166, 21, 74),
(1034, 166, 21, 80),
(1035, 167, 21, 74),
(1036, 167, 21, 80),
(1037, 168, 21, 74),
(1038, 168, 21, 80),
(1039, 169, 21, 74),
(1040, 169, 21, 80),
(1041, 170, 21, 74),
(1042, 170, 21, 80),
(1043, 171, 21, 74),
(1044, 171, 21, 80),
(1045, 172, 21, 74),
(1046, 172, 21, 80),
(1047, 173, 21, 74),
(1048, 173, 21, 80),
(1049, 174, 5, 12),
(1050, 174, 5, 9),
(1051, 174, 5, 10),
(1052, 175, 5, 12),
(1053, 175, 5, 9),
(1054, 175, 5, 10),
(1055, 176, 5, 12),
(1056, 176, 5, 9),
(1057, 176, 5, 10),
(1082, 127, 18, 55),
(1083, 127, 18, 56),
(1084, 127, 18, 57),
(1085, 127, 18, 58),
(1086, 180, 18, 55),
(1087, 180, 18, 56),
(1088, 180, 18, 57),
(1089, 180, 18, 58),
(1090, 181, 18, 55),
(1091, 181, 18, 56),
(1092, 181, 18, 57),
(1093, 181, 18, 58);

-- --------------------------------------------------------

--
-- Table structure for table `user_hierarchy`
--

CREATE TABLE `user_hierarchy` (
  `id` bigint(20) NOT NULL,
  `user_id` int(10) NOT NULL,
  `child_user_id` int(10) NOT NULL,
  `organization_id` int(10) NOT NULL
) ENGINE=InnoDB DEFAULT CHARSET=latin1;

--
-- Dumping data for table `user_hierarchy`
--

INSERT INTO `user_hierarchy` (`id`, `user_id`, `child_user_id`, `organization_id`) VALUES
(1, 67, 62, 4),
(2, 67, 65, 4),
(3, 67, 66, 4),
(4, 63, 71, 4),
(5, 65, 68, 4),
(6, 65, 69, 4),
(7, 71, 72, 4),
(8, 71, 74, 4),
(9, 71, 75, 4),
(10, 66, 76, 4),
(11, 66, 77, 4),
(12, 62, 78, 4),
(13, 62, 79, 4),
(16, 124, 125, 13),
(17, 124, 126, 13),
(20, 135, 136, 14),
(22, 136, 138, 14),
(27, 146, 147, 15),
(28, 146, 148, 15),
(29, 147, 149, 15),
(30, 147, 150, 15),
(31, 148, 151, 15),
(32, 148, 152, 15),
(43, 147, 166, 15),
(44, 147, 167, 15),
(45, 148, 168, 15),
(46, 147, 170, 15),
(47, 147, 171, 15),
(48, 147, 172, 15),
(49, 148, 173, 15),
(50, 148, 174, 15),
(51, 147, 175, 15),
(52, 146, 177, 15),
(53, 179, 180, 15),
(54, 180, 181, 15),
(59, 180, 182, 15),
(60, 179, 184, 15),
(61, 148, 185, 15),
(62, 197, 191, 17),
(63, 197, 196, 17),
(64, 191, 187, 17),
(65, 191, 188, 17),
(66, 191, 189, 17),
(67, 191, 190, 17),
(68, 196, 192, 17),
(69, 196, 193, 17),
(70, 196, 194, 17),
(71, 196, 195, 17),
(72, 177, 199, 15);

--
-- Indexes for dumped tables
--

--
-- Indexes for table `admin_notifications`
--
ALTER TABLE `admin_notifications`
  ADD PRIMARY KEY (`id`);

--
-- Indexes for table `assessment`
--
ALTER TABLE `assessment`
  ADD PRIMARY KEY (`id`);

--
-- Indexes for table `assessment_category`
--
ALTER TABLE `assessment_category`
  ADD PRIMARY KEY (`id`),
  ADD KEY `fk_assessment_id` (`assessment_id`);

--
-- Indexes for table `assessment_submission`
--
ALTER TABLE `assessment_submission`
  ADD PRIMARY KEY (`id`);

--
-- Indexes for table `category`
--
ALTER TABLE `category`
  ADD PRIMARY KEY (`id`);

--
-- Indexes for table `cms`
--
ALTER TABLE `cms`
  ADD PRIMARY KEY (`cms_id`),
  ADD KEY `page_id` (`page_id`);

--
-- Indexes for table `contacts`
--
ALTER TABLE `contacts`
  ADD PRIMARY KEY (`id`);

--
-- Indexes for table `countries`
--
ALTER TABLE `countries`
  ADD PRIMARY KEY (`id`);

--
-- Indexes for table `daily_assessment_submission`
--
ALTER TABLE `daily_assessment_submission`
  ADD PRIMARY KEY (`id`);

--
-- Indexes for table `groups`
--
ALTER TABLE `groups`
  ADD PRIMARY KEY (`id`);

--
-- Indexes for table `hierarchy`
--
ALTER TABLE `hierarchy`
  ADD PRIMARY KEY (`id`);

--
-- Indexes for table `hierarchy_role_order`
--
ALTER TABLE `hierarchy_role_order`
  ADD PRIMARY KEY (`id`);

--
-- Indexes for table `login_attempts`
--
ALTER TABLE `login_attempts`
  ADD PRIMARY KEY (`id`);

--
-- Indexes for table `notifications`
--
ALTER TABLE `notifications`
  ADD PRIMARY KEY (`id`),
  ADD KEY `user_id` (`user_id`),
  ADD KEY `sender_id` (`sender_id`);

--
-- Indexes for table `organization`
--
ALTER TABLE `organization`
  ADD PRIMARY KEY (`id`);

--
-- Indexes for table `questions`
--
ALTER TABLE `questions`
  ADD PRIMARY KEY (`id`),
  ADD KEY `fk_category_id` (`category_id`);

--
-- Indexes for table `questions_option`
--
ALTER TABLE `questions_option`
  ADD PRIMARY KEY (`id`),
  ADD KEY `fk_question_id` (`question_id`);

--
-- Indexes for table `setting`
--
ALTER TABLE `setting`
  ADD PRIMARY KEY (`id`);

--
-- Indexes for table `users`
--
ALTER TABLE `users`
  ADD PRIMARY KEY (`id`);

--
-- Indexes for table `users_device_history`
--
ALTER TABLE `users_device_history`
  ADD PRIMARY KEY (`id`),
  ADD KEY `user_id` (`user_id`),
  ADD KEY `user_id_2` (`user_id`),
  ADD KEY `user_id_3` (`user_id`),
  ADD KEY `user_id_4` (`user_id`),
  ADD KEY `user_id_5` (`user_id`),
  ADD KEY `user_id_6` (`user_id`);

--
-- Indexes for table `users_groups`
--
ALTER TABLE `users_groups`
  ADD PRIMARY KEY (`id`),
  ADD UNIQUE KEY `uc_users_groups` (`user_id`,`group_id`),
  ADD KEY `fk_users_groups_users1_idx` (`user_id`),
  ADD KEY `fk_users_groups_groups1_idx` (`group_id`);

--
-- Indexes for table `user_assessment`
--
ALTER TABLE `user_assessment`
  ADD PRIMARY KEY (`id`);

--
-- Indexes for table `user_assessment_question`
--
ALTER TABLE `user_assessment_question`
  ADD PRIMARY KEY (`id`);

--
-- Indexes for table `user_hierarchy`
--
ALTER TABLE `user_hierarchy`
  ADD PRIMARY KEY (`id`);

--
-- AUTO_INCREMENT for dumped tables
--

--
-- AUTO_INCREMENT for table `admin_notifications`
--
ALTER TABLE `admin_notifications`
  MODIFY `id` bigint(20) NOT NULL AUTO_INCREMENT;
--
-- AUTO_INCREMENT for table `assessment`
--
ALTER TABLE `assessment`
  MODIFY `id` int(11) NOT NULL AUTO_INCREMENT, AUTO_INCREMENT=22;
--
-- AUTO_INCREMENT for table `assessment_category`
--
ALTER TABLE `assessment_category`
  MODIFY `id` int(11) NOT NULL AUTO_INCREMENT, AUTO_INCREMENT=61;
--
-- AUTO_INCREMENT for table `assessment_submission`
--
ALTER TABLE `assessment_submission`
  MODIFY `id` bigint(20) NOT NULL AUTO_INCREMENT, AUTO_INCREMENT=386;
--
-- AUTO_INCREMENT for table `category`
--
ALTER TABLE `category`
  MODIFY `id` int(11) NOT NULL AUTO_INCREMENT, AUTO_INCREMENT=38;
--
-- AUTO_INCREMENT for table `cms`
--
ALTER TABLE `cms`
  MODIFY `cms_id` int(11) NOT NULL AUTO_INCREMENT, AUTO_INCREMENT=3;
--
-- AUTO_INCREMENT for table `contacts`
--
ALTER TABLE `contacts`
  MODIFY `id` int(11) NOT NULL AUTO_INCREMENT, AUTO_INCREMENT=3;
--
-- AUTO_INCREMENT for table `countries`
--
ALTER TABLE `countries`
  MODIFY `id` int(11) NOT NULL AUTO_INCREMENT, AUTO_INCREMENT=247;
--
-- AUTO_INCREMENT for table `daily_assessment_submission`
--
ALTER TABLE `daily_assessment_submission`
  MODIFY `id` bigint(20) NOT NULL AUTO_INCREMENT, AUTO_INCREMENT=200;
--
-- AUTO_INCREMENT for table `groups`
--
ALTER TABLE `groups`
  MODIFY `id` mediumint(8) UNSIGNED NOT NULL AUTO_INCREMENT, AUTO_INCREMENT=6;
--
-- AUTO_INCREMENT for table `hierarchy`
--
ALTER TABLE `hierarchy`
  MODIFY `id` int(11) NOT NULL AUTO_INCREMENT, AUTO_INCREMENT=145;
--
-- AUTO_INCREMENT for table `hierarchy_role_order`
--
ALTER TABLE `hierarchy_role_order`
  MODIFY `id` bigint(11) NOT NULL AUTO_INCREMENT, AUTO_INCREMENT=204;
--
-- AUTO_INCREMENT for table `login_attempts`
--
ALTER TABLE `login_attempts`
  MODIFY `id` int(11) UNSIGNED NOT NULL AUTO_INCREMENT;
--
-- AUTO_INCREMENT for table `notifications`
--
ALTER TABLE `notifications`
  MODIFY `id` bigint(20) NOT NULL AUTO_INCREMENT;
--
-- AUTO_INCREMENT for table `organization`
--
ALTER TABLE `organization`
  MODIFY `id` int(11) NOT NULL AUTO_INCREMENT, AUTO_INCREMENT=18;
--
-- AUTO_INCREMENT for table `questions`
--
ALTER TABLE `questions`
  MODIFY `id` bigint(20) NOT NULL AUTO_INCREMENT, AUTO_INCREMENT=83;
--
-- AUTO_INCREMENT for table `questions_option`
--
ALTER TABLE `questions_option`
  MODIFY `id` bigint(20) NOT NULL AUTO_INCREMENT, AUTO_INCREMENT=335;
--
-- AUTO_INCREMENT for table `setting`
--
ALTER TABLE `setting`
  MODIFY `id` int(11) NOT NULL AUTO_INCREMENT, AUTO_INCREMENT=13;
--
-- AUTO_INCREMENT for table `users`
--
ALTER TABLE `users`
  MODIFY `id` int(11) UNSIGNED NOT NULL AUTO_INCREMENT, AUTO_INCREMENT=200;
--
-- AUTO_INCREMENT for table `users_device_history`
--
ALTER TABLE `users_device_history`
  MODIFY `id` bigint(20) NOT NULL AUTO_INCREMENT, AUTO_INCREMENT=93;
--
-- AUTO_INCREMENT for table `users_groups`
--
ALTER TABLE `users_groups`
  MODIFY `id` int(11) UNSIGNED NOT NULL AUTO_INCREMENT, AUTO_INCREMENT=199;
--
-- AUTO_INCREMENT for table `user_assessment`
--
ALTER TABLE `user_assessment`
  MODIFY `id` bigint(20) NOT NULL AUTO_INCREMENT, AUTO_INCREMENT=182;
--
-- AUTO_INCREMENT for table `user_assessment_question`
--
ALTER TABLE `user_assessment_question`
  MODIFY `id` bigint(20) NOT NULL AUTO_INCREMENT, AUTO_INCREMENT=1094;
--
-- AUTO_INCREMENT for table `user_hierarchy`
--
ALTER TABLE `user_hierarchy`
  MODIFY `id` bigint(20) NOT NULL AUTO_INCREMENT, AUTO_INCREMENT=73;
--
-- Constraints for dumped tables
--

--
-- Constraints for table `questions_option`
--
ALTER TABLE `questions_option`
  ADD CONSTRAINT `fk_question_id` FOREIGN KEY (`question_id`) REFERENCES `questions` (`id`);

--
-- Constraints for table `users_groups`
--
ALTER TABLE `users_groups`
  ADD CONSTRAINT `fk_users_groups_groups1` FOREIGN KEY (`group_id`) REFERENCES `groups` (`id`) ON DELETE CASCADE ON UPDATE NO ACTION,
  ADD CONSTRAINT `fk_users_groups_users1` FOREIGN KEY (`user_id`) REFERENCES `users` (`id`) ON DELETE CASCADE ON UPDATE NO ACTION;

/*!40101 SET CHARACTER_SET_CLIENT=@OLD_CHARACTER_SET_CLIENT */;
/*!40101 SET CHARACTER_SET_RESULTS=@OLD_CHARACTER_SET_RESULTS */;
/*!40101 SET COLLATION_CONNECTION=@OLD_COLLATION_CONNECTION */;
